-- phpMyAdmin SQL Dump
-- version 4.4.15.10
-- https://www.phpmyadmin.net
--
-- Host: localhost
-- Generation Time: Sep 03, 2024 at 05:03 AM
-- Server version: 10.11.3-MariaDB
-- PHP Version: 7.3.33

SET SQL_MODE = "NO_AUTO_VALUE_ON_ZERO";
SET time_zone = "+00:00";


/*!40101 SET @OLD_CHARACTER_SET_CLIENT=@@CHARACTER_SET_CLIENT */;
/*!40101 SET @OLD_CHARACTER_SET_RESULTS=@@CHARACTER_SET_RESULTS */;
/*!40101 SET @OLD_COLLATION_CONNECTION=@@COLLATION_CONNECTION */;
/*!40101 SET NAMES utf8mb4 */;

--
-- Database: `galchhi_dscid`
--

DELIMITER $$
--
-- Functions
--
CREATE DEFINER=`root`@`localhost` FUNCTION `fn_CheckGroupPermission`(`ModuleId` INT(11), `UserActionId` INT(11), `GroupId` INT(11)) RETURNS tinyint(4)
BEGIN
	DECLARE bReturn BOOL;
	IF GroupId = 1 THEN
		RETURN TRUE;
	END IF;
	IF EXISTS 
		(
		 SELECT permission_per_group_id 
		 FROM permissions_per_group
		 WHERE module_id = ModuleId
		 AND user_action_id = UserActionId
		 AND group_id = GroupId
		 ) 
		THEN
		RETURN TRUE;
	END IF;
	RETURN FALSE;
    END$$

CREATE DEFINER=`root`@`localhost` FUNCTION `fn_CheckMenuPermission`(`MenuId` INT(11), `LoginId` INT(11)) RETURNS tinyint(4)
BEGIN
	DECLARE bReturn BOOL;
	DECLARE GroupId INT(11);	
	SELECT UserGroup INTO GroupId FROM users  WHERE ID = LoginId;
	IF GroupId = 1 THEN RETURN 1; END IF;
	IF EXISTS 
		(
			 SELECT permission_per_user_id 
			 FROM permissions_per_user
			 WHERE module_id = MenuId
			 AND user_id = LoginId LIMIT 0,1
		 ) 
		THEN
		RETURN 1;
	ELSEIF EXISTS
			(
				 SELECT permission_per_group_id 
				 FROM permissions_per_group
				 WHERE module_id = MenuId
				 AND group_id = GroupId LIMIT 0,1
			 ) 
		THEN
		RETURN 1;
	END IF;
	RETURN 0;
    END$$

CREATE DEFINER=`root`@`localhost` FUNCTION `fn_CheckPermissionByLoginId`(`ModuleCode` VARCHAR(20), `UserActionCode` VARCHAR(20), `LoginId` INT(11)) RETURNS tinyint(4)
BEGIN
	DECLARE bReturn BOOL;
	DECLARE GroupId INT(11);
	DECLARE ModuleId INT(11);
	DECLARE UserActionId INT(11);
	SELECT fn_GetModuleId(ModuleCode) INTO ModuleId;
	SELECT fn_GetUserActionId(UserActionCode) INTO UserActionId;
	SELECT UserGroup INTO GroupId FROM users  WHERE ID = LoginId;
	IF fn_CheckUserPermission(ModuleId, UserActionId, LoginId) = 1  THEN
		RETURN TRUE;
	ELSEIF fn_CheckGroupPermission(ModuleId, UserActionId, GroupId) = 1 THEN
		RETURN TRUE;
	END IF;
	RETURN FALSE;
    END$$

CREATE DEFINER=`root`@`localhost` FUNCTION `fn_CheckUserPermission`(`ModuleId` INT(11), `UserActionId` INT(11), `UserId` INT(11)) RETURNS tinyint(4)
BEGIN
	DECLARE bReturn BOOL;
	IF EXISTS 
		(
		 SELECT permission_per_user_id 
		 FROM permissions_per_user
		 WHERE module_id = ModuleId
		 AND user_action_id = UserActionId
		 AND user_id = UserId
		 ) 
		THEN
		RETURN TRUE;
	END IF;
	RETURN FALSE;
    END$$

CREATE DEFINER=`root`@`localhost` FUNCTION `fn_GetModuleId`(`ModuleCode` VARCHAR(20)) RETURNS int(11)
BEGIN
	DECLARE iReturn INT(11);
	SET iReturn = 0;
	SELECT menuid INTO iReturn FROM admin_menu WHERE module_code = ModuleCode;
	RETURN iReturn;
    END$$

CREATE DEFINER=`root`@`localhost` FUNCTION `fn_GetUserActionId`(`UserActionCode` VARCHAR(20)) RETURNS int(11)
BEGIN
	DECLARE iReturn INT(11);
	SET iReturn = 0;
	SELECT user_action_id INTO iReturn FROM user_actions WHERE user_action_code = UserActionCode;
	RETURN iReturn;
    END$$

DELIMITER ;

-- --------------------------------------------------------

--
-- Table structure for table `admin_menu`
--

CREATE TABLE IF NOT EXISTS `admin_menu` (
  `menuid` int(11) NOT NULL,
  `parent_id` int(11) NOT NULL,
  `menu_name` varchar(255) CHARACTER SET utf8mb3 COLLATE utf8mb3_general_ci NOT NULL,
  `menu_link` varchar(255) NOT NULL,
  `group_label` varchar(255) NOT NULL,
  `status` int(11) NOT NULL,
  `module_code` varchar(50) DEFAULT NULL,
  `description` text NOT NULL,
  `position` tinyint(4) NOT NULL,
  `icon_class` text NOT NULL
) ENGINE=InnoDB AUTO_INCREMENT=27 DEFAULT CHARSET=latin1 COLLATE=latin1_swedish_ci;

--
-- Dumping data for table `admin_menu`
--

INSERT INTO `admin_menu` (`menuid`, `parent_id`, `menu_name`, `menu_link`, `group_label`, `status`, `module_code`, `description`, `position`, `icon_class`) VALUES
(1, 0, 'ड्यासबोर्ड', 'Dashboard', '', 1, 'DASHBOARD', '', 1, 'fa fa-home'),
(2, 0, 'प्रयोगकर्ता व्यवस्थापन', 'Users', '', 1, 'USER-MANAGEMENT', '', 99, 'fa fa-users'),
(3, 2, 'भूमिका', 'Groups', '', 1, 'MANAGE-GROUP', '', 1, 'fa fa-groups'),
(4, 2, 'प्रयोगकर्ताहरू', 'Users', '', 1, 'MANAGE-USERS', '', 2, 'fa fa-user'),
(7, 12, 'प्रमाणित गर्ने', 'ApprovalName', '', 1, 'APPROVAL-NAME', '', 3, 'fa fa-files-o'),
(12, 0, 'सेटिंग', '#', '', 1, 'SETTING', '', 2, 'fa fa-cogs'),
(13, 12, 'रक्त समूह', 'BloodGroup', '', 1, 'BLOOD-GROUP', '', 1, ''),
(14, 12, 'अपाङ्गको किसिम', 'DisableType', '', 1, 'DISABLE-TYPE', '', 4, ''),
(15, 12, 'अपाङ्गको गम्भिरता', 'DisableLevel', '', 1, 'DISABLE-LEVEL', '', 5, ''),
(19, 12, 'आर्थिक वर्ष', 'FiscalYear', '', 1, 'FISCAL-YEAR', '', 2, ''),
(20, 23, 'अपाङ्गता व्यक्ति थप्नुहोस', 'DisablePerson/Add', '', 1, 'DISABLE-PERSONS', '', 2, 'fa fa-plus'),
(21, 23, 'अपाङ्गता व्यक्तिहरु सुची ', 'DisablePerson/List', '', 1, 'DISABLE-PERSON', '', 1, 'fa fa-list-ul'),
(23, 0, 'अपाङ्गता व्यक्तिहरु', '#', '', 1, 'DISABLE-PERSONES', '', 4, 'fa fa-exclamation-circle'),
(24, 0, 'ज्येष्ठ नागरिक', '#', '', 1, 'SENIOR-CITIZEN', '', 3, 'fa fa-exclamation-circle'),
(25, 24, 'ज्येष्ठ नागरिक थप्नुहोस', 'SeniorCitizen/Add', '', 1, 'SENIOR-CITI', '', 2, 'fa fa-exclamation-circle'),
(26, 24, 'ज्येष्ठ नागरिकहरु सुची', 'SeniorCitizen/List', '', 1, 'SENIOR-CIT', '', 1, 'fa fa-exclamation-circle');

-- --------------------------------------------------------

--
-- Table structure for table `blood_group`
--

CREATE TABLE IF NOT EXISTS `blood_group` (
  `id` int(11) NOT NULL,
  `group_name` varchar(255) NOT NULL
) ENGINE=InnoDB AUTO_INCREMENT=9 DEFAULT CHARSET=utf8mb3 COLLATE=utf8mb3_general_ci;

--
-- Dumping data for table `blood_group`
--

INSERT INTO `blood_group` (`id`, `group_name`) VALUES
(1, 'A+'),
(2, 'A-'),
(3, 'B+'),
(4, 'B-'),
(5, 'O+'),
(6, 'O-'),
(7, 'AB+'),
(8, 'AB-');

-- --------------------------------------------------------

--
-- Table structure for table `bms_setting`
--

CREATE TABLE IF NOT EXISTS `bms_setting` (
  `id` int(11) NOT NULL,
  `type` varchar(255) CHARACTER SET utf8mb3 COLLATE utf8mb3_general_ci NOT NULL,
  `state` int(11) NOT NULL,
  `state_name` varchar(255) CHARACTER SET utf8mb3 COLLATE utf8mb3_general_ci NOT NULL,
  `district` varchar(255) CHARACTER SET utf8mb3 COLLATE utf8mb3_general_ci NOT NULL,
  `zone` int(11) NOT NULL,
  `gapa_napa` varchar(255) CHARACTER SET utf8mb3 COLLATE utf8mb3_general_ci NOT NULL,
  `slogan` varchar(255) CHARACTER SET utf8mb3 COLLATE utf8mb3_general_ci NOT NULL,
  `palika_slogan` varchar(255) CHARACTER SET utf8mb3 COLLATE utf8mb3_general_ci NOT NULL,
  `address` varchar(255) CHARACTER SET utf8mb3 COLLATE utf8mb3_general_ci NOT NULL,
  `ward` int(11) NOT NULL,
  `calculation_setting` enum('1','2') NOT NULL COMMENT '''1=roapani 2 =khatta''',
  `module_setting` enum('1','2','3') NOT NULL,
  `d_id` int(11) NOT NULL,
  `g_id` int(11) NOT NULL,
  `palika_name_en` varchar(255) NOT NULL,
  `slogan_en` varchar(255) NOT NULL,
  `address_en` varchar(255) NOT NULL,
  `district_en` varchar(255) NOT NULL,
  `state_en` varchar(255) NOT NULL
) ENGINE=InnoDB AUTO_INCREMENT=2 DEFAULT CHARSET=latin1 COLLATE=latin1_swedish_ci;

--
-- Dumping data for table `bms_setting`
--

INSERT INTO `bms_setting` (`id`, `type`, `state`, `state_name`, `district`, `zone`, `gapa_napa`, `slogan`, `palika_slogan`, `address`, `ward`, `calculation_setting`, `module_setting`, `d_id`, `g_id`, `palika_name_en`, `slogan_en`, `address_en`, `district_en`, `state_en`) VALUES
(1, 'गाउँपालिका', 3, 'बागमती प्रदेश', 'धादिङ', 1, 'गल्छी गाउँपालिका', 'गाउँ कार्यपालिकाको कार्यालय', '"त्रिदेशिय व्यापारिक नगर : समृद्ध गल्छी शहर"', 'बैरेनी', 0, '1', '3', 514, 2557, 'Galchhi Rural Municipality', 'Office of Rural Municipal Executive', 'Baireni', 'Dhading', 'Bagmati Province');

-- --------------------------------------------------------

--
-- Table structure for table `disable_level`
--

CREATE TABLE IF NOT EXISTS `disable_level` (
  `id` int(11) NOT NULL,
  `level_np` varchar(255) NOT NULL,
  `level_en` varchar(255) NOT NULL,
  `bg_color` varchar(255) NOT NULL
) ENGINE=InnoDB AUTO_INCREMENT=5 DEFAULT CHARSET=utf8mb3 COLLATE=utf8mb3_general_ci;

--
-- Dumping data for table `disable_level`
--

INSERT INTO `disable_level` (`id`, `level_np`, `level_en`, `bg_color`) VALUES
(1, 'पूर्ण', 'Complete', 'purna-idcard-wrapper'),
(2, 'अति असक्त', 'Extreme Disable', 'asakta-idcard-wrapper'),
(3, 'मध्यम', 'Medium', 'madyam-idcard-wrapper'),
(4, 'सामान्य', 'Simple', 'samanya-idcard-wrapper');

-- --------------------------------------------------------

--
-- Table structure for table `disable_person`
--

CREATE TABLE IF NOT EXISTS `disable_person` (
  `id` int(11) NOT NULL,
  `name_np` varchar(255) NOT NULL,
  `name_en` varchar(255) NOT NULL,
  `state` varchar(255) NOT NULL,
  `district` varchar(255) NOT NULL,
  `gapa_napa` varchar(255) NOT NULL,
  `ward_no` int(11) NOT NULL,
  `dob` varchar(25) NOT NULL,
  `age` varchar(255) NOT NULL,
  `gender` int(11) NOT NULL,
  `blood_group` varchar(255) DEFAULT NULL,
  `maid_name` varchar(255) DEFAULT NULL,
  `father_name` varchar(255) DEFAULT NULL,
  `citizen_no` varchar(255) DEFAULT NULL,
  `citizen_district` varchar(255) DEFAULT NULL,
  `citizen_date` varchar(25) DEFAULT NULL,
  `contact_no` varchar(25) DEFAULT NULL,
  `disable_type` int(11) NOT NULL,
  `disable_level` int(11) NOT NULL,
  `image` varchar(255) DEFAULT NULL,
  `status` int(11) NOT NULL,
  `fiscal_year` varchar(255) NOT NULL,
  `darta_no` int(11) NOT NULL,
  `created_at` varchar(255) DEFAULT NULL,
  `created_by` int(11) DEFAULT NULL,
  `created_ip` varchar(255) DEFAULT NULL,
  `modified_at` varchar(255) DEFAULT NULL,
  `modified_by` int(11) DEFAULT NULL,
  `modified_ip` varchar(255) DEFAULT NULL,
  `birthcertificate_no` varchar(255) DEFAULT NULL,
  `birthcertificate_district` varchar(255) DEFAULT NULL,
  `birthcertificate_date` varchar(255) DEFAULT NULL
) ENGINE=InnoDB AUTO_INCREMENT=9 DEFAULT CHARSET=utf8mb3 COLLATE=utf8mb3_general_ci;

--
-- Dumping data for table `disable_person`
--

INSERT INTO `disable_person` (`id`, `name_np`, `name_en`, `state`, `district`, `gapa_napa`, `ward_no`, `dob`, `age`, `gender`, `blood_group`, `maid_name`, `father_name`, `citizen_no`, `citizen_district`, `citizen_date`, `contact_no`, `disable_type`, `disable_level`, `image`, `status`, `fiscal_year`, `darta_no`, `created_at`, `created_by`, `created_ip`, `modified_at`, `modified_by`, `modified_ip`, `birthcertificate_no`, `birthcertificate_district`, `birthcertificate_date`) VALUES
(1, 'रचना पण्डित ', 'RACHANA PANDIT ', '3', '514', '2557', 1, '2081-02-17', '1', 2, 'A-', 'नबराज  पण्डित ', 'NABARAJ PANDIT', '45632', 'धादिङ', '2081-02-18', '9813891104', 1, 1, '1717046742-bms_logo.png', 1, '2080/081', 1, '2024-05-30', 4, '27.34.64.172', '2024-05-30', 4, '27.34.64.172', NULL, NULL, NULL),
(2, 'उषा अधिकारी', 'USHA ADHIKARI', '3', '514', '2557', 6, '2080-07-07', '1', 2, 'AB+', 'अमृत अधिकारी', 'अमृता अधिकारी', '98555', 'धादिङ', '0', '98535321', 5, 2, '', 1, '2080/081', 2, '2024-06-29', 4, '49.244.95.215', NULL, NULL, NULL, NULL, NULL, NULL),
(3, 'सम्झना नेपाली', 'Samjhana Nepali', '3', '514', '2557', 1, '2048-03-11', '33', 2, 'B+', 'शुन्दर मिजार', 'Shundar Mijar', '6587', 'धादिङ', '2067-03-25', '9810203040', 3, 1, '1719628683-292818884_435361545152727_7647812987342153366_n.jpg', 1, '2080/081', 3, '2024-06-29', 4, '49.244.95.215', NULL, NULL, NULL, NULL, NULL, NULL),
(4, 'सिमा तामाङ', 'बैरेनी ', '3', '514', '2557', 6, '2075-12-30', '6', 2, 'A+', 'बाबुराम तामाङ', 'Baburam Tamang', '-', 'धादिङ', '-', '9849851620', 1, 1, '', 1, '2080/081', 4, '2024-06-29', 4, '49.244.95.215', '2024-06-29', 4, '49.244.95.215', NULL, NULL, NULL),
(5, 'सिम्बा सिरोही', 'Simba Sirohi', '3', '514', '2557', 3, '2072-03-01', '9', 1, 'A+', 'सकल सिरोही', 'Sakal Sirohi', '२३४५६६', 'धादिङ', '2079-03-10', '9815276902', 8, 1, '1719628879-pexels-simon-robben-55958-614810.jpg', 1, '2080/081', 5, '2024-06-29', 4, '49.244.95.215', NULL, NULL, NULL, NULL, NULL, NULL),
(6, 'test test', 'testtes', '3', '514', '2557', 4, '2077-03-18', '4', 1, 'B-', 'akjhk', 'jhsd', '', 'धादिङ', '', '9861023479', 5, 3, '', 1, '2080/081', 6, '2024-07-03', 4, '10.145.145.163', NULL, NULL, NULL, '1256356', 'ललितपुर', '2081-02-06'),
(7, 'सपना ', 'sapana', '3', '514', '2557', 6, '2081-03-01', '1', 2, 'A-', 'nabarahs', 'dnuyaygd', '', 'धादिङ', '', '9845261', 5, 2, '', 1, '2080/081', 7, '2024-07-03', 4, '27.34.64.179', NULL, NULL, NULL, '1256', 'धादिङ', '2056/12/17'),
(8, 'सपना ', 'sapana', '3', '514', '2557', 3, '2081-03-01', '1', 2, 'O+', 'njhgagsubd ', 'jkhslsu', '1456316', 'धादिङ', '2081-03-13', '655624', 2, 3, '', 1, '2080/081', 8, '2024-07-03', 4, '27.34.64.179', NULL, NULL, NULL, '', 'धादिङ', '');

-- --------------------------------------------------------

--
-- Table structure for table `disable_type`
--

CREATE TABLE IF NOT EXISTS `disable_type` (
  `id` int(11) NOT NULL,
  `type_np` varchar(255) NOT NULL,
  `type_en` varchar(255) NOT NULL
) ENGINE=InnoDB AUTO_INCREMENT=9 DEFAULT CHARSET=utf8mb3 COLLATE=utf8mb3_general_ci;

--
-- Dumping data for table `disable_type`
--

INSERT INTO `disable_type` (`id`, `type_np`, `type_en`) VALUES
(1, 'स्वर बोलााई अपाङगता', 'Sound and Speak Disabled'),
(2, 'बहिरा', 'Hard of Hearing'),
(3, 'वौद्धिक अपाङ्ग वा सुस्त मनस्थिति', 'Intellectual Disabled'),
(4, 'श्रवण दृष्टिविहिन', 'Deaf and Blind Disabled'),
(5, 'अटिजम', 'Autism Disorder'),
(6, 'होमोफेलिया', 'Homophilia Disorder'),
(7, 'मनो समाजीक अपाङ्गता', 'Phyco Social Disorder'),
(8, 'वहु अपाङगता', 'Multiple Disabled');

-- --------------------------------------------------------

--
-- Table structure for table `fiscal_year`
--

CREATE TABLE IF NOT EXISTS `fiscal_year` (
  `id` int(11) NOT NULL,
  `year` varchar(9) NOT NULL,
  `is_current` tinyint(1) DEFAULT NULL
) ENGINE=InnoDB AUTO_INCREMENT=7 DEFAULT CHARSET=latin1 COLLATE=latin1_swedish_ci;

--
-- Dumping data for table `fiscal_year`
--

INSERT INTO `fiscal_year` (`id`, `year`, `is_current`) VALUES
(1, '2076/077', 0),
(3, '2077/078', 0),
(4, '2078/079', 0),
(5, '2079/080', 0),
(6, '2080/081', 1);

-- --------------------------------------------------------

--
-- Table structure for table `group`
--

CREATE TABLE IF NOT EXISTS `group` (
  `groupid` int(11) NOT NULL,
  `group_name` varchar(255) CHARACTER SET utf8mb3 COLLATE utf8mb3_general_ci NOT NULL,
  `status` tinyint(4) DEFAULT 0,
  `added_by` varchar(255) DEFAULT NULL,
  `added_date` varchar(255) DEFAULT NULL,
  `modified_by` varchar(255) DEFAULT NULL,
  `modified_date` varchar(255) DEFAULT NULL
) ENGINE=InnoDB AUTO_INCREMENT=5 DEFAULT CHARSET=latin1 COLLATE=latin1_swedish_ci;

--
-- Dumping data for table `group`
--

INSERT INTO `group` (`groupid`, `group_name`, `status`, `added_by`, `added_date`, `modified_by`, `modified_date`) VALUES
(1, 'Superadmin', 0, NULL, NULL, NULL, NULL),
(2, 'Admin', 0, NULL, NULL, NULL, NULL),
(3, 'महिला बालबालिका तथा जेष्ठ नागरिक शाखा ', 0, '1', NULL, NULL, NULL),
(4, 'वडा', 0, '1', NULL, NULL, NULL);

-- --------------------------------------------------------

--
-- Table structure for table `office_staffs`
--

CREATE TABLE IF NOT EXISTS `office_staffs` (
  `id` int(11) NOT NULL,
  `name_np` varchar(255) DEFAULT NULL,
  `name_en` varchar(255) DEFAULT NULL,
  `position_np` varchar(255) DEFAULT NULL,
  `position_en` varchar(255) DEFAULT NULL,
  `office_name` varchar(255) DEFAULT NULL,
  `created_at` varchar(25) DEFAULT NULL,
  `created_by` int(11) DEFAULT NULL,
  `created_ip` varchar(255) DEFAULT NULL,
  `modified_at` varchar(255) DEFAULT NULL,
  `modified_by` int(11) DEFAULT NULL,
  `modified_ip` varchar(255) DEFAULT NULL,
  `status` int(11) DEFAULT NULL
) ENGINE=InnoDB AUTO_INCREMENT=2 DEFAULT CHARSET=utf8mb3 COLLATE=utf8mb3_general_ci;

--
-- Dumping data for table `office_staffs`
--

INSERT INTO `office_staffs` (`id`, `name_np`, `name_en`, `position_np`, `position_en`, `office_name`, `created_at`, `created_by`, `created_ip`, `modified_at`, `modified_by`, `modified_ip`, `status`) VALUES
(1, 'नर बहादुर विश्वकर्मा', 'Nar Bahadur Bishwokarma', 'प्रमुख प्रशासकीय अधिकृत', 'Chief Administrative Officer', 'गल्छी गाउँपालिका', '2024-05-30', 4, '182.93.75.102', '2024-06-29', 4, '49.244.95.215', 1);

-- --------------------------------------------------------

--
-- Table structure for table `permissions_per_group`
--

CREATE TABLE IF NOT EXISTS `permissions_per_group` (
  `permission_per_group_id` int(11) NOT NULL,
  `module_id` int(11) NOT NULL,
  `user_action_id` int(11) NOT NULL,
  `group_id` int(11) NOT NULL,
  `added_by` int(11) NOT NULL,
  `added_date` datetime NOT NULL,
  `modified_by` int(11) NOT NULL,
  `modified_date` datetime NOT NULL
) ENGINE=InnoDB AUTO_INCREMENT=1152 DEFAULT CHARSET=latin1 COLLATE=latin1_swedish_ci;

--
-- Dumping data for table `permissions_per_group`
--

INSERT INTO `permissions_per_group` (`permission_per_group_id`, `module_id`, `user_action_id`, `group_id`, `added_by`, `added_date`, `modified_by`, `modified_date`) VALUES
(614, 8, 1, 5, 1, '2020-10-06 00:00:00', 1, '2020-10-06 00:00:00'),
(615, 8, 2, 5, 1, '2020-10-06 00:00:00', 1, '2020-10-06 00:00:00'),
(616, 8, 3, 5, 1, '2020-10-06 00:00:00', 1, '2020-10-06 00:00:00'),
(617, 8, 4, 5, 1, '2020-10-06 00:00:00', 1, '2020-10-06 00:00:00'),
(618, 8, 5, 5, 1, '2020-10-06 00:00:00', 1, '2020-10-06 00:00:00'),
(619, 9, 1, 5, 1, '2020-10-06 00:00:00', 1, '2020-10-06 00:00:00'),
(620, 9, 2, 5, 1, '2020-10-06 00:00:00', 1, '2020-10-06 00:00:00'),
(621, 9, 3, 5, 1, '2020-10-06 00:00:00', 1, '2020-10-06 00:00:00'),
(622, 9, 4, 5, 1, '2020-10-06 00:00:00', 1, '2020-10-06 00:00:00'),
(623, 9, 5, 5, 1, '2020-10-06 00:00:00', 1, '2020-10-06 00:00:00'),
(624, 10, 1, 5, 1, '2020-10-06 00:00:00', 1, '2020-10-06 00:00:00'),
(625, 10, 2, 5, 1, '2020-10-06 00:00:00', 1, '2020-10-06 00:00:00'),
(626, 10, 3, 5, 1, '2020-10-06 00:00:00', 1, '2020-10-06 00:00:00'),
(627, 10, 4, 5, 1, '2020-10-06 00:00:00', 1, '2020-10-06 00:00:00'),
(628, 10, 5, 5, 1, '2020-10-06 00:00:00', 1, '2020-10-06 00:00:00'),
(997, 1, 1, 2, 1, '2020-11-03 00:00:00', 1, '2020-11-03 00:00:00'),
(998, 1, 2, 2, 1, '2020-11-03 00:00:00', 1, '2020-11-03 00:00:00'),
(999, 1, 3, 2, 1, '2020-11-03 00:00:00', 1, '2020-11-03 00:00:00'),
(1000, 1, 4, 2, 1, '2020-11-03 00:00:00', 1, '2020-11-03 00:00:00'),
(1001, 1, 5, 2, 1, '2020-11-03 00:00:00', 1, '2020-11-03 00:00:00'),
(1002, 2, 1, 2, 1, '2020-11-03 00:00:00', 1, '2020-11-03 00:00:00'),
(1003, 2, 2, 2, 1, '2020-11-03 00:00:00', 1, '2020-11-03 00:00:00'),
(1004, 2, 3, 2, 1, '2020-11-03 00:00:00', 1, '2020-11-03 00:00:00'),
(1005, 2, 4, 2, 1, '2020-11-03 00:00:00', 1, '2020-11-03 00:00:00'),
(1006, 2, 5, 2, 1, '2020-11-03 00:00:00', 1, '2020-11-03 00:00:00'),
(1007, 3, 1, 2, 1, '2020-11-03 00:00:00', 1, '2020-11-03 00:00:00'),
(1008, 3, 2, 2, 1, '2020-11-03 00:00:00', 1, '2020-11-03 00:00:00'),
(1009, 3, 3, 2, 1, '2020-11-03 00:00:00', 1, '2020-11-03 00:00:00'),
(1010, 3, 4, 2, 1, '2020-11-03 00:00:00', 1, '2020-11-03 00:00:00'),
(1011, 3, 5, 2, 1, '2020-11-03 00:00:00', 1, '2020-11-03 00:00:00'),
(1012, 4, 1, 2, 1, '2020-11-03 00:00:00', 1, '2020-11-03 00:00:00'),
(1013, 4, 2, 2, 1, '2020-11-03 00:00:00', 1, '2020-11-03 00:00:00'),
(1014, 4, 3, 2, 1, '2020-11-03 00:00:00', 1, '2020-11-03 00:00:00'),
(1015, 4, 4, 2, 1, '2020-11-03 00:00:00', 1, '2020-11-03 00:00:00'),
(1016, 4, 5, 2, 1, '2020-11-03 00:00:00', 1, '2020-11-03 00:00:00'),
(1017, 7, 1, 2, 1, '2020-11-03 00:00:00', 1, '2020-11-03 00:00:00'),
(1018, 7, 2, 2, 1, '2020-11-03 00:00:00', 1, '2020-11-03 00:00:00'),
(1019, 7, 3, 2, 1, '2020-11-03 00:00:00', 1, '2020-11-03 00:00:00'),
(1020, 7, 4, 2, 1, '2020-11-03 00:00:00', 1, '2020-11-03 00:00:00'),
(1021, 7, 5, 2, 1, '2020-11-03 00:00:00', 1, '2020-11-03 00:00:00'),
(1022, 12, 1, 2, 1, '2020-11-03 00:00:00', 1, '2020-11-03 00:00:00'),
(1023, 12, 2, 2, 1, '2020-11-03 00:00:00', 1, '2020-11-03 00:00:00'),
(1024, 12, 3, 2, 1, '2020-11-03 00:00:00', 1, '2020-11-03 00:00:00'),
(1025, 12, 4, 2, 1, '2020-11-03 00:00:00', 1, '2020-11-03 00:00:00'),
(1026, 12, 5, 2, 1, '2020-11-03 00:00:00', 1, '2020-11-03 00:00:00'),
(1027, 13, 1, 2, 1, '2020-11-03 00:00:00', 1, '2020-11-03 00:00:00'),
(1028, 13, 2, 2, 1, '2020-11-03 00:00:00', 1, '2020-11-03 00:00:00'),
(1029, 13, 3, 2, 1, '2020-11-03 00:00:00', 1, '2020-11-03 00:00:00'),
(1030, 13, 4, 2, 1, '2020-11-03 00:00:00', 1, '2020-11-03 00:00:00'),
(1031, 13, 5, 2, 1, '2020-11-03 00:00:00', 1, '2020-11-03 00:00:00'),
(1032, 14, 1, 2, 1, '2020-11-03 00:00:00', 1, '2020-11-03 00:00:00'),
(1033, 14, 2, 2, 1, '2020-11-03 00:00:00', 1, '2020-11-03 00:00:00'),
(1034, 14, 3, 2, 1, '2020-11-03 00:00:00', 1, '2020-11-03 00:00:00'),
(1035, 14, 4, 2, 1, '2020-11-03 00:00:00', 1, '2020-11-03 00:00:00'),
(1036, 14, 5, 2, 1, '2020-11-03 00:00:00', 1, '2020-11-03 00:00:00'),
(1037, 15, 1, 2, 1, '2020-11-03 00:00:00', 1, '2020-11-03 00:00:00'),
(1038, 15, 2, 2, 1, '2020-11-03 00:00:00', 1, '2020-11-03 00:00:00'),
(1039, 15, 3, 2, 1, '2020-11-03 00:00:00', 1, '2020-11-03 00:00:00'),
(1040, 15, 4, 2, 1, '2020-11-03 00:00:00', 1, '2020-11-03 00:00:00'),
(1041, 15, 5, 2, 1, '2020-11-03 00:00:00', 1, '2020-11-03 00:00:00'),
(1042, 19, 1, 2, 1, '2020-11-03 00:00:00', 1, '2020-11-03 00:00:00'),
(1043, 19, 2, 2, 1, '2020-11-03 00:00:00', 1, '2020-11-03 00:00:00'),
(1044, 19, 3, 2, 1, '2020-11-03 00:00:00', 1, '2020-11-03 00:00:00'),
(1045, 19, 4, 2, 1, '2020-11-03 00:00:00', 1, '2020-11-03 00:00:00'),
(1046, 19, 5, 2, 1, '2020-11-03 00:00:00', 1, '2020-11-03 00:00:00'),
(1047, 20, 1, 2, 1, '2020-11-03 00:00:00', 1, '2020-11-03 00:00:00'),
(1048, 20, 2, 2, 1, '2020-11-03 00:00:00', 1, '2020-11-03 00:00:00'),
(1049, 20, 3, 2, 1, '2020-11-03 00:00:00', 1, '2020-11-03 00:00:00'),
(1050, 20, 4, 2, 1, '2020-11-03 00:00:00', 1, '2020-11-03 00:00:00'),
(1051, 20, 5, 2, 1, '2020-11-03 00:00:00', 1, '2020-11-03 00:00:00'),
(1052, 21, 1, 2, 1, '2020-11-03 00:00:00', 1, '2020-11-03 00:00:00'),
(1053, 21, 2, 2, 1, '2020-11-03 00:00:00', 1, '2020-11-03 00:00:00'),
(1054, 21, 3, 2, 1, '2020-11-03 00:00:00', 1, '2020-11-03 00:00:00'),
(1055, 21, 4, 2, 1, '2020-11-03 00:00:00', 1, '2020-11-03 00:00:00'),
(1056, 21, 5, 2, 1, '2020-11-03 00:00:00', 1, '2020-11-03 00:00:00'),
(1057, 23, 1, 2, 1, '2020-11-03 00:00:00', 1, '2020-11-03 00:00:00'),
(1058, 23, 2, 2, 1, '2020-11-03 00:00:00', 1, '2020-11-03 00:00:00'),
(1059, 23, 3, 2, 1, '2020-11-03 00:00:00', 1, '2020-11-03 00:00:00'),
(1060, 23, 4, 2, 1, '2020-11-03 00:00:00', 1, '2020-11-03 00:00:00'),
(1061, 23, 5, 2, 1, '2020-11-03 00:00:00', 1, '2020-11-03 00:00:00'),
(1062, 24, 1, 2, 1, '2020-11-03 00:00:00', 1, '2020-11-03 00:00:00'),
(1063, 24, 2, 2, 1, '2020-11-03 00:00:00', 1, '2020-11-03 00:00:00'),
(1064, 24, 3, 2, 1, '2020-11-03 00:00:00', 1, '2020-11-03 00:00:00'),
(1065, 24, 4, 2, 1, '2020-11-03 00:00:00', 1, '2020-11-03 00:00:00'),
(1066, 24, 5, 2, 1, '2020-11-03 00:00:00', 1, '2020-11-03 00:00:00'),
(1067, 25, 1, 2, 1, '2020-11-03 00:00:00', 1, '2020-11-03 00:00:00'),
(1068, 25, 2, 2, 1, '2020-11-03 00:00:00', 1, '2020-11-03 00:00:00'),
(1069, 25, 3, 2, 1, '2020-11-03 00:00:00', 1, '2020-11-03 00:00:00'),
(1070, 25, 4, 2, 1, '2020-11-03 00:00:00', 1, '2020-11-03 00:00:00'),
(1071, 25, 5, 2, 1, '2020-11-03 00:00:00', 1, '2020-11-03 00:00:00'),
(1072, 26, 1, 2, 1, '2020-11-03 00:00:00', 1, '2020-11-03 00:00:00'),
(1073, 26, 2, 2, 1, '2020-11-03 00:00:00', 1, '2020-11-03 00:00:00'),
(1074, 26, 3, 2, 1, '2020-11-03 00:00:00', 1, '2020-11-03 00:00:00'),
(1075, 26, 4, 2, 1, '2020-11-03 00:00:00', 1, '2020-11-03 00:00:00'),
(1076, 26, 5, 2, 1, '2020-11-03 00:00:00', 1, '2020-11-03 00:00:00'),
(1077, 1, 1, 3, 1, '2020-11-03 00:00:00', 1, '2020-11-03 00:00:00'),
(1078, 1, 2, 3, 1, '2020-11-03 00:00:00', 1, '2020-11-03 00:00:00'),
(1079, 1, 3, 3, 1, '2020-11-03 00:00:00', 1, '2020-11-03 00:00:00'),
(1080, 1, 4, 3, 1, '2020-11-03 00:00:00', 1, '2020-11-03 00:00:00'),
(1081, 1, 5, 3, 1, '2020-11-03 00:00:00', 1, '2020-11-03 00:00:00'),
(1082, 7, 1, 3, 1, '2020-11-03 00:00:00', 1, '2020-11-03 00:00:00'),
(1083, 7, 2, 3, 1, '2020-11-03 00:00:00', 1, '2020-11-03 00:00:00'),
(1084, 7, 3, 3, 1, '2020-11-03 00:00:00', 1, '2020-11-03 00:00:00'),
(1085, 7, 4, 3, 1, '2020-11-03 00:00:00', 1, '2020-11-03 00:00:00'),
(1086, 7, 5, 3, 1, '2020-11-03 00:00:00', 1, '2020-11-03 00:00:00'),
(1087, 20, 1, 3, 1, '2020-11-03 00:00:00', 1, '2020-11-03 00:00:00'),
(1088, 20, 2, 3, 1, '2020-11-03 00:00:00', 1, '2020-11-03 00:00:00'),
(1089, 20, 3, 3, 1, '2020-11-03 00:00:00', 1, '2020-11-03 00:00:00'),
(1090, 20, 4, 3, 1, '2020-11-03 00:00:00', 1, '2020-11-03 00:00:00'),
(1091, 20, 5, 3, 1, '2020-11-03 00:00:00', 1, '2020-11-03 00:00:00'),
(1092, 21, 1, 3, 1, '2020-11-03 00:00:00', 1, '2020-11-03 00:00:00'),
(1093, 21, 2, 3, 1, '2020-11-03 00:00:00', 1, '2020-11-03 00:00:00'),
(1094, 21, 3, 3, 1, '2020-11-03 00:00:00', 1, '2020-11-03 00:00:00'),
(1095, 21, 4, 3, 1, '2020-11-03 00:00:00', 1, '2020-11-03 00:00:00'),
(1096, 21, 5, 3, 1, '2020-11-03 00:00:00', 1, '2020-11-03 00:00:00'),
(1097, 23, 1, 3, 1, '2020-11-03 00:00:00', 1, '2020-11-03 00:00:00'),
(1098, 23, 2, 3, 1, '2020-11-03 00:00:00', 1, '2020-11-03 00:00:00'),
(1099, 23, 3, 3, 1, '2020-11-03 00:00:00', 1, '2020-11-03 00:00:00'),
(1100, 23, 4, 3, 1, '2020-11-03 00:00:00', 1, '2020-11-03 00:00:00'),
(1101, 23, 5, 3, 1, '2020-11-03 00:00:00', 1, '2020-11-03 00:00:00'),
(1102, 24, 1, 3, 1, '2020-11-03 00:00:00', 1, '2020-11-03 00:00:00'),
(1103, 24, 2, 3, 1, '2020-11-03 00:00:00', 1, '2020-11-03 00:00:00'),
(1104, 24, 3, 3, 1, '2020-11-03 00:00:00', 1, '2020-11-03 00:00:00'),
(1105, 24, 4, 3, 1, '2020-11-03 00:00:00', 1, '2020-11-03 00:00:00'),
(1106, 24, 5, 3, 1, '2020-11-03 00:00:00', 1, '2020-11-03 00:00:00'),
(1107, 25, 1, 3, 1, '2020-11-03 00:00:00', 1, '2020-11-03 00:00:00'),
(1108, 25, 2, 3, 1, '2020-11-03 00:00:00', 1, '2020-11-03 00:00:00'),
(1109, 25, 3, 3, 1, '2020-11-03 00:00:00', 1, '2020-11-03 00:00:00'),
(1110, 25, 4, 3, 1, '2020-11-03 00:00:00', 1, '2020-11-03 00:00:00'),
(1111, 25, 5, 3, 1, '2020-11-03 00:00:00', 1, '2020-11-03 00:00:00'),
(1112, 26, 1, 3, 1, '2020-11-03 00:00:00', 1, '2020-11-03 00:00:00'),
(1113, 26, 2, 3, 1, '2020-11-03 00:00:00', 1, '2020-11-03 00:00:00'),
(1114, 26, 3, 3, 1, '2020-11-03 00:00:00', 1, '2020-11-03 00:00:00'),
(1115, 26, 4, 3, 1, '2020-11-03 00:00:00', 1, '2020-11-03 00:00:00'),
(1116, 26, 5, 3, 1, '2020-11-03 00:00:00', 1, '2020-11-03 00:00:00'),
(1117, 1, 1, 4, 1, '2020-11-03 00:00:00', 1, '2020-11-03 00:00:00'),
(1118, 1, 2, 4, 1, '2020-11-03 00:00:00', 1, '2020-11-03 00:00:00'),
(1119, 1, 3, 4, 1, '2020-11-03 00:00:00', 1, '2020-11-03 00:00:00'),
(1120, 1, 4, 4, 1, '2020-11-03 00:00:00', 1, '2020-11-03 00:00:00'),
(1121, 1, 5, 4, 1, '2020-11-03 00:00:00', 1, '2020-11-03 00:00:00'),
(1122, 20, 1, 4, 1, '2020-11-03 00:00:00', 1, '2020-11-03 00:00:00'),
(1123, 20, 2, 4, 1, '2020-11-03 00:00:00', 1, '2020-11-03 00:00:00'),
(1124, 20, 3, 4, 1, '2020-11-03 00:00:00', 1, '2020-11-03 00:00:00'),
(1125, 20, 4, 4, 1, '2020-11-03 00:00:00', 1, '2020-11-03 00:00:00'),
(1126, 20, 5, 4, 1, '2020-11-03 00:00:00', 1, '2020-11-03 00:00:00'),
(1127, 21, 1, 4, 1, '2020-11-03 00:00:00', 1, '2020-11-03 00:00:00'),
(1128, 21, 2, 4, 1, '2020-11-03 00:00:00', 1, '2020-11-03 00:00:00'),
(1129, 21, 3, 4, 1, '2020-11-03 00:00:00', 1, '2020-11-03 00:00:00'),
(1130, 21, 4, 4, 1, '2020-11-03 00:00:00', 1, '2020-11-03 00:00:00'),
(1131, 21, 5, 4, 1, '2020-11-03 00:00:00', 1, '2020-11-03 00:00:00'),
(1132, 23, 1, 4, 1, '2020-11-03 00:00:00', 1, '2020-11-03 00:00:00'),
(1133, 23, 2, 4, 1, '2020-11-03 00:00:00', 1, '2020-11-03 00:00:00'),
(1134, 23, 3, 4, 1, '2020-11-03 00:00:00', 1, '2020-11-03 00:00:00'),
(1135, 23, 4, 4, 1, '2020-11-03 00:00:00', 1, '2020-11-03 00:00:00'),
(1136, 23, 5, 4, 1, '2020-11-03 00:00:00', 1, '2020-11-03 00:00:00'),
(1137, 24, 1, 4, 1, '2020-11-03 00:00:00', 1, '2020-11-03 00:00:00'),
(1138, 24, 2, 4, 1, '2020-11-03 00:00:00', 1, '2020-11-03 00:00:00'),
(1139, 24, 3, 4, 1, '2020-11-03 00:00:00', 1, '2020-11-03 00:00:00'),
(1140, 24, 4, 4, 1, '2020-11-03 00:00:00', 1, '2020-11-03 00:00:00'),
(1141, 24, 5, 4, 1, '2020-11-03 00:00:00', 1, '2020-11-03 00:00:00'),
(1142, 25, 1, 4, 1, '2020-11-03 00:00:00', 1, '2020-11-03 00:00:00'),
(1143, 25, 2, 4, 1, '2020-11-03 00:00:00', 1, '2020-11-03 00:00:00'),
(1144, 25, 3, 4, 1, '2020-11-03 00:00:00', 1, '2020-11-03 00:00:00'),
(1145, 25, 4, 4, 1, '2020-11-03 00:00:00', 1, '2020-11-03 00:00:00'),
(1146, 25, 5, 4, 1, '2020-11-03 00:00:00', 1, '2020-11-03 00:00:00'),
(1147, 26, 1, 4, 1, '2020-11-03 00:00:00', 1, '2020-11-03 00:00:00'),
(1148, 26, 2, 4, 1, '2020-11-03 00:00:00', 1, '2020-11-03 00:00:00'),
(1149, 26, 3, 4, 1, '2020-11-03 00:00:00', 1, '2020-11-03 00:00:00'),
(1150, 26, 4, 4, 1, '2020-11-03 00:00:00', 1, '2020-11-03 00:00:00'),
(1151, 26, 5, 4, 1, '2020-11-03 00:00:00', 1, '2020-11-03 00:00:00');

-- --------------------------------------------------------

--
-- Table structure for table `permissions_per_user`
--

CREATE TABLE IF NOT EXISTS `permissions_per_user` (
  `permission_per_user_id` int(11) NOT NULL,
  `module_id` int(11) NOT NULL,
  `user_action_id` int(11) NOT NULL,
  `user_id` int(11) NOT NULL,
  `added_by` int(11) NOT NULL,
  `added_date` datetime NOT NULL,
  `modified_by` int(11) NOT NULL,
  `modified_date` datetime NOT NULL
) ENGINE=InnoDB AUTO_INCREMENT=457 DEFAULT CHARSET=latin1 COLLATE=latin1_swedish_ci;

--
-- Dumping data for table `permissions_per_user`
--

INSERT INTO `permissions_per_user` (`permission_per_user_id`, `module_id`, `user_action_id`, `user_id`, `added_by`, `added_date`, `modified_by`, `modified_date`) VALUES
(7, 29, 2, 24, 1, '2017-10-24 00:00:00', 1, '2017-10-24 00:00:00'),
(13, 29, 2, 11, 1, '2017-11-14 00:00:00', 1, '2017-11-14 00:00:00'),
(22, 1, 1, 18, 1, '2018-11-29 00:00:00', 1, '2018-11-29 00:00:00'),
(23, 1, 2, 18, 1, '2018-11-29 00:00:00', 1, '2018-11-29 00:00:00'),
(24, 1, 3, 18, 1, '2018-11-29 00:00:00', 1, '2018-11-29 00:00:00'),
(25, 1, 4, 18, 1, '2018-11-29 00:00:00', 1, '2018-11-29 00:00:00'),
(26, 1, 5, 18, 1, '2018-11-29 00:00:00', 1, '2018-11-29 00:00:00'),
(27, 2, 1, 18, 1, '2018-11-29 00:00:00', 1, '2018-11-29 00:00:00'),
(28, 2, 2, 18, 1, '2018-11-29 00:00:00', 1, '2018-11-29 00:00:00'),
(29, 2, 3, 18, 1, '2018-11-29 00:00:00', 1, '2018-11-29 00:00:00'),
(30, 2, 4, 18, 1, '2018-11-29 00:00:00', 1, '2018-11-29 00:00:00'),
(31, 2, 5, 18, 1, '2018-11-29 00:00:00', 1, '2018-11-29 00:00:00'),
(32, 3, 1, 18, 1, '2018-11-29 00:00:00', 1, '2018-11-29 00:00:00'),
(33, 3, 2, 18, 1, '2018-11-29 00:00:00', 1, '2018-11-29 00:00:00'),
(34, 3, 3, 18, 1, '2018-11-29 00:00:00', 1, '2018-11-29 00:00:00'),
(35, 3, 4, 18, 1, '2018-11-29 00:00:00', 1, '2018-11-29 00:00:00'),
(36, 3, 5, 18, 1, '2018-11-29 00:00:00', 1, '2018-11-29 00:00:00'),
(37, 4, 1, 18, 1, '2018-11-29 00:00:00', 1, '2018-11-29 00:00:00'),
(38, 4, 2, 18, 1, '2018-11-29 00:00:00', 1, '2018-11-29 00:00:00'),
(39, 4, 3, 18, 1, '2018-11-29 00:00:00', 1, '2018-11-29 00:00:00'),
(40, 4, 4, 18, 1, '2018-11-29 00:00:00', 1, '2018-11-29 00:00:00'),
(41, 4, 5, 18, 1, '2018-11-29 00:00:00', 1, '2018-11-29 00:00:00'),
(42, 5, 1, 18, 1, '2018-11-29 00:00:00', 1, '2018-11-29 00:00:00'),
(43, 5, 2, 18, 1, '2018-11-29 00:00:00', 1, '2018-11-29 00:00:00'),
(44, 5, 3, 18, 1, '2018-11-29 00:00:00', 1, '2018-11-29 00:00:00'),
(45, 5, 4, 18, 1, '2018-11-29 00:00:00', 1, '2018-11-29 00:00:00'),
(46, 5, 5, 18, 1, '2018-11-29 00:00:00', 1, '2018-11-29 00:00:00'),
(47, 6, 1, 18, 1, '2018-11-29 00:00:00', 1, '2018-11-29 00:00:00'),
(48, 6, 2, 18, 1, '2018-11-29 00:00:00', 1, '2018-11-29 00:00:00'),
(49, 6, 3, 18, 1, '2018-11-29 00:00:00', 1, '2018-11-29 00:00:00'),
(50, 6, 4, 18, 1, '2018-11-29 00:00:00', 1, '2018-11-29 00:00:00'),
(51, 6, 5, 18, 1, '2018-11-29 00:00:00', 1, '2018-11-29 00:00:00'),
(117, 1, 1, 19, 1, '2018-12-07 00:00:00', 1, '2018-12-07 00:00:00'),
(118, 1, 2, 19, 1, '2018-12-07 00:00:00', 1, '2018-12-07 00:00:00'),
(119, 1, 3, 19, 1, '2018-12-07 00:00:00', 1, '2018-12-07 00:00:00'),
(120, 1, 4, 19, 1, '2018-12-07 00:00:00', 1, '2018-12-07 00:00:00'),
(121, 1, 5, 19, 1, '2018-12-07 00:00:00', 1, '2018-12-07 00:00:00'),
(122, 2, 1, 19, 1, '2018-12-07 00:00:00', 1, '2018-12-07 00:00:00'),
(123, 2, 2, 19, 1, '2018-12-07 00:00:00', 1, '2018-12-07 00:00:00'),
(124, 2, 3, 19, 1, '2018-12-07 00:00:00', 1, '2018-12-07 00:00:00'),
(125, 2, 4, 19, 1, '2018-12-07 00:00:00', 1, '2018-12-07 00:00:00'),
(126, 2, 5, 19, 1, '2018-12-07 00:00:00', 1, '2018-12-07 00:00:00'),
(127, 3, 1, 19, 1, '2018-12-07 00:00:00', 1, '2018-12-07 00:00:00'),
(128, 3, 2, 19, 1, '2018-12-07 00:00:00', 1, '2018-12-07 00:00:00'),
(129, 3, 3, 19, 1, '2018-12-07 00:00:00', 1, '2018-12-07 00:00:00'),
(130, 3, 4, 19, 1, '2018-12-07 00:00:00', 1, '2018-12-07 00:00:00'),
(131, 3, 5, 19, 1, '2018-12-07 00:00:00', 1, '2018-12-07 00:00:00'),
(132, 4, 1, 19, 1, '2018-12-07 00:00:00', 1, '2018-12-07 00:00:00'),
(133, 4, 2, 19, 1, '2018-12-07 00:00:00', 1, '2018-12-07 00:00:00'),
(134, 4, 3, 19, 1, '2018-12-07 00:00:00', 1, '2018-12-07 00:00:00'),
(135, 4, 4, 19, 1, '2018-12-07 00:00:00', 1, '2018-12-07 00:00:00'),
(136, 4, 5, 19, 1, '2018-12-07 00:00:00', 1, '2018-12-07 00:00:00'),
(137, 5, 1, 19, 1, '2018-12-07 00:00:00', 1, '2018-12-07 00:00:00'),
(138, 5, 2, 19, 1, '2018-12-07 00:00:00', 1, '2018-12-07 00:00:00'),
(139, 5, 3, 19, 1, '2018-12-07 00:00:00', 1, '2018-12-07 00:00:00'),
(140, 5, 4, 19, 1, '2018-12-07 00:00:00', 1, '2018-12-07 00:00:00'),
(141, 5, 5, 19, 1, '2018-12-07 00:00:00', 1, '2018-12-07 00:00:00'),
(142, 6, 1, 19, 1, '2018-12-07 00:00:00', 1, '2018-12-07 00:00:00'),
(143, 6, 2, 19, 1, '2018-12-07 00:00:00', 1, '2018-12-07 00:00:00'),
(144, 6, 3, 19, 1, '2018-12-07 00:00:00', 1, '2018-12-07 00:00:00'),
(145, 6, 4, 19, 1, '2018-12-07 00:00:00', 1, '2018-12-07 00:00:00'),
(146, 6, 5, 19, 1, '2018-12-07 00:00:00', 1, '2018-12-07 00:00:00'),
(147, 7, 1, 19, 1, '2018-12-07 00:00:00', 1, '2018-12-07 00:00:00'),
(148, 7, 2, 19, 1, '2018-12-07 00:00:00', 1, '2018-12-07 00:00:00'),
(149, 7, 3, 19, 1, '2018-12-07 00:00:00', 1, '2018-12-07 00:00:00'),
(150, 7, 4, 19, 1, '2018-12-07 00:00:00', 1, '2018-12-07 00:00:00'),
(151, 7, 5, 19, 1, '2018-12-07 00:00:00', 1, '2018-12-07 00:00:00'),
(152, 8, 1, 19, 1, '2018-12-07 00:00:00', 1, '2018-12-07 00:00:00'),
(153, 8, 2, 19, 1, '2018-12-07 00:00:00', 1, '2018-12-07 00:00:00'),
(154, 8, 3, 19, 1, '2018-12-07 00:00:00', 1, '2018-12-07 00:00:00'),
(155, 8, 4, 19, 1, '2018-12-07 00:00:00', 1, '2018-12-07 00:00:00'),
(156, 8, 5, 19, 1, '2018-12-07 00:00:00', 1, '2018-12-07 00:00:00'),
(157, 9, 1, 19, 1, '2018-12-07 00:00:00', 1, '2018-12-07 00:00:00'),
(158, 9, 2, 19, 1, '2018-12-07 00:00:00', 1, '2018-12-07 00:00:00'),
(159, 9, 3, 19, 1, '2018-12-07 00:00:00', 1, '2018-12-07 00:00:00'),
(160, 9, 4, 19, 1, '2018-12-07 00:00:00', 1, '2018-12-07 00:00:00'),
(161, 9, 5, 19, 1, '2018-12-07 00:00:00', 1, '2018-12-07 00:00:00'),
(202, 1, 1, 2, 1, '2020-09-25 00:00:00', 1, '2020-09-25 00:00:00'),
(203, 1, 2, 2, 1, '2020-09-25 00:00:00', 1, '2020-09-25 00:00:00'),
(204, 1, 3, 2, 1, '2020-09-25 00:00:00', 1, '2020-09-25 00:00:00'),
(205, 1, 4, 2, 1, '2020-09-25 00:00:00', 1, '2020-09-25 00:00:00'),
(206, 1, 5, 2, 1, '2020-09-25 00:00:00', 1, '2020-09-25 00:00:00'),
(212, 11, 1, 10, 1, '2020-09-28 00:00:00', 1, '2020-09-28 00:00:00'),
(213, 11, 2, 10, 1, '2020-09-28 00:00:00', 1, '2020-09-28 00:00:00'),
(214, 11, 3, 10, 1, '2020-09-28 00:00:00', 1, '2020-09-28 00:00:00'),
(215, 11, 4, 10, 1, '2020-09-28 00:00:00', 1, '2020-09-28 00:00:00'),
(216, 11, 5, 10, 1, '2020-09-28 00:00:00', 1, '2020-09-28 00:00:00'),
(217, 2, 1, 12, 1, '2020-09-28 00:00:00', 1, '2020-09-28 00:00:00'),
(218, 2, 2, 12, 1, '2020-09-28 00:00:00', 1, '2020-09-28 00:00:00'),
(219, 2, 3, 12, 1, '2020-09-28 00:00:00', 1, '2020-09-28 00:00:00'),
(220, 2, 4, 12, 1, '2020-09-28 00:00:00', 1, '2020-09-28 00:00:00'),
(221, 2, 5, 12, 1, '2020-09-28 00:00:00', 1, '2020-09-28 00:00:00'),
(222, 11, 1, 12, 1, '2020-09-28 00:00:00', 1, '2020-09-28 00:00:00'),
(223, 11, 2, 12, 1, '2020-09-28 00:00:00', 1, '2020-09-28 00:00:00'),
(224, 11, 3, 12, 1, '2020-09-28 00:00:00', 1, '2020-09-28 00:00:00'),
(225, 11, 4, 12, 1, '2020-09-28 00:00:00', 1, '2020-09-28 00:00:00'),
(226, 11, 5, 12, 1, '2020-09-28 00:00:00', 1, '2020-09-28 00:00:00'),
(227, 12, 1, 12, 1, '2020-09-28 00:00:00', 1, '2020-09-28 00:00:00'),
(228, 12, 2, 12, 1, '2020-09-28 00:00:00', 1, '2020-09-28 00:00:00'),
(229, 12, 3, 12, 1, '2020-09-28 00:00:00', 1, '2020-09-28 00:00:00'),
(230, 12, 4, 12, 1, '2020-09-28 00:00:00', 1, '2020-09-28 00:00:00'),
(231, 12, 5, 12, 1, '2020-09-28 00:00:00', 1, '2020-09-28 00:00:00'),
(232, 1, 1, 16, 1, '2020-09-29 00:00:00', 1, '2020-09-29 00:00:00'),
(233, 1, 2, 16, 1, '2020-09-29 00:00:00', 1, '2020-09-29 00:00:00'),
(234, 1, 3, 16, 1, '2020-09-29 00:00:00', 1, '2020-09-29 00:00:00'),
(235, 1, 4, 16, 1, '2020-09-29 00:00:00', 1, '2020-09-29 00:00:00'),
(236, 1, 5, 16, 1, '2020-09-29 00:00:00', 1, '2020-09-29 00:00:00'),
(237, 2, 1, 16, 1, '2020-09-29 00:00:00', 1, '2020-09-29 00:00:00'),
(238, 2, 2, 16, 1, '2020-09-29 00:00:00', 1, '2020-09-29 00:00:00'),
(239, 2, 3, 16, 1, '2020-09-29 00:00:00', 1, '2020-09-29 00:00:00'),
(240, 2, 4, 16, 1, '2020-09-29 00:00:00', 1, '2020-09-29 00:00:00'),
(241, 2, 5, 16, 1, '2020-09-29 00:00:00', 1, '2020-09-29 00:00:00'),
(242, 3, 1, 16, 1, '2020-09-29 00:00:00', 1, '2020-09-29 00:00:00'),
(243, 3, 2, 16, 1, '2020-09-29 00:00:00', 1, '2020-09-29 00:00:00'),
(244, 3, 3, 16, 1, '2020-09-29 00:00:00', 1, '2020-09-29 00:00:00'),
(245, 3, 4, 16, 1, '2020-09-29 00:00:00', 1, '2020-09-29 00:00:00'),
(246, 3, 5, 16, 1, '2020-09-29 00:00:00', 1, '2020-09-29 00:00:00'),
(247, 4, 1, 16, 1, '2020-09-29 00:00:00', 1, '2020-09-29 00:00:00'),
(248, 4, 2, 16, 1, '2020-09-29 00:00:00', 1, '2020-09-29 00:00:00'),
(249, 4, 3, 16, 1, '2020-09-29 00:00:00', 1, '2020-09-29 00:00:00'),
(250, 4, 4, 16, 1, '2020-09-29 00:00:00', 1, '2020-09-29 00:00:00'),
(251, 4, 5, 16, 1, '2020-09-29 00:00:00', 1, '2020-09-29 00:00:00'),
(252, 11, 1, 16, 1, '2020-09-29 00:00:00', 1, '2020-09-29 00:00:00'),
(253, 11, 2, 16, 1, '2020-09-29 00:00:00', 1, '2020-09-29 00:00:00'),
(254, 11, 3, 16, 1, '2020-09-29 00:00:00', 1, '2020-09-29 00:00:00'),
(255, 11, 4, 16, 1, '2020-09-29 00:00:00', 1, '2020-09-29 00:00:00'),
(256, 11, 5, 16, 1, '2020-09-29 00:00:00', 1, '2020-09-29 00:00:00'),
(257, 12, 1, 16, 1, '2020-09-29 00:00:00', 1, '2020-09-29 00:00:00'),
(258, 12, 2, 16, 1, '2020-09-29 00:00:00', 1, '2020-09-29 00:00:00'),
(259, 12, 3, 16, 1, '2020-09-29 00:00:00', 1, '2020-09-29 00:00:00'),
(260, 12, 4, 16, 1, '2020-09-29 00:00:00', 1, '2020-09-29 00:00:00'),
(261, 12, 5, 16, 1, '2020-09-29 00:00:00', 1, '2020-09-29 00:00:00'),
(262, 1, 1, 26, 1, '2020-10-06 00:00:00', 1, '2020-10-06 00:00:00'),
(263, 1, 2, 26, 1, '2020-10-06 00:00:00', 1, '2020-10-06 00:00:00'),
(264, 1, 3, 26, 1, '2020-10-06 00:00:00', 1, '2020-10-06 00:00:00'),
(265, 1, 4, 26, 1, '2020-10-06 00:00:00', 1, '2020-10-06 00:00:00'),
(266, 1, 5, 26, 1, '2020-10-06 00:00:00', 1, '2020-10-06 00:00:00'),
(267, 2, 1, 26, 1, '2020-10-06 00:00:00', 1, '2020-10-06 00:00:00'),
(268, 2, 2, 26, 1, '2020-10-06 00:00:00', 1, '2020-10-06 00:00:00'),
(269, 2, 3, 26, 1, '2020-10-06 00:00:00', 1, '2020-10-06 00:00:00'),
(270, 2, 4, 26, 1, '2020-10-06 00:00:00', 1, '2020-10-06 00:00:00'),
(271, 2, 5, 26, 1, '2020-10-06 00:00:00', 1, '2020-10-06 00:00:00'),
(272, 3, 1, 26, 1, '2020-10-06 00:00:00', 1, '2020-10-06 00:00:00'),
(273, 3, 2, 26, 1, '2020-10-06 00:00:00', 1, '2020-10-06 00:00:00'),
(274, 3, 3, 26, 1, '2020-10-06 00:00:00', 1, '2020-10-06 00:00:00'),
(275, 3, 4, 26, 1, '2020-10-06 00:00:00', 1, '2020-10-06 00:00:00'),
(276, 3, 5, 26, 1, '2020-10-06 00:00:00', 1, '2020-10-06 00:00:00'),
(277, 4, 1, 26, 1, '2020-10-06 00:00:00', 1, '2020-10-06 00:00:00'),
(278, 4, 2, 26, 1, '2020-10-06 00:00:00', 1, '2020-10-06 00:00:00'),
(279, 4, 3, 26, 1, '2020-10-06 00:00:00', 1, '2020-10-06 00:00:00'),
(280, 4, 4, 26, 1, '2020-10-06 00:00:00', 1, '2020-10-06 00:00:00'),
(281, 4, 5, 26, 1, '2020-10-06 00:00:00', 1, '2020-10-06 00:00:00'),
(282, 5, 1, 26, 1, '2020-10-06 00:00:00', 1, '2020-10-06 00:00:00'),
(283, 5, 2, 26, 1, '2020-10-06 00:00:00', 1, '2020-10-06 00:00:00'),
(284, 5, 3, 26, 1, '2020-10-06 00:00:00', 1, '2020-10-06 00:00:00'),
(285, 5, 4, 26, 1, '2020-10-06 00:00:00', 1, '2020-10-06 00:00:00'),
(286, 5, 5, 26, 1, '2020-10-06 00:00:00', 1, '2020-10-06 00:00:00'),
(287, 6, 1, 26, 1, '2020-10-06 00:00:00', 1, '2020-10-06 00:00:00'),
(288, 6, 2, 26, 1, '2020-10-06 00:00:00', 1, '2020-10-06 00:00:00'),
(289, 6, 3, 26, 1, '2020-10-06 00:00:00', 1, '2020-10-06 00:00:00'),
(290, 6, 4, 26, 1, '2020-10-06 00:00:00', 1, '2020-10-06 00:00:00'),
(291, 6, 5, 26, 1, '2020-10-06 00:00:00', 1, '2020-10-06 00:00:00'),
(292, 7, 1, 26, 1, '2020-10-06 00:00:00', 1, '2020-10-06 00:00:00'),
(293, 7, 2, 26, 1, '2020-10-06 00:00:00', 1, '2020-10-06 00:00:00'),
(294, 7, 3, 26, 1, '2020-10-06 00:00:00', 1, '2020-10-06 00:00:00'),
(295, 7, 4, 26, 1, '2020-10-06 00:00:00', 1, '2020-10-06 00:00:00'),
(296, 7, 5, 26, 1, '2020-10-06 00:00:00', 1, '2020-10-06 00:00:00'),
(297, 8, 1, 26, 1, '2020-10-06 00:00:00', 1, '2020-10-06 00:00:00'),
(298, 8, 2, 26, 1, '2020-10-06 00:00:00', 1, '2020-10-06 00:00:00'),
(299, 8, 3, 26, 1, '2020-10-06 00:00:00', 1, '2020-10-06 00:00:00'),
(300, 8, 4, 26, 1, '2020-10-06 00:00:00', 1, '2020-10-06 00:00:00'),
(301, 8, 5, 26, 1, '2020-10-06 00:00:00', 1, '2020-10-06 00:00:00'),
(302, 9, 1, 26, 1, '2020-10-06 00:00:00', 1, '2020-10-06 00:00:00'),
(303, 9, 2, 26, 1, '2020-10-06 00:00:00', 1, '2020-10-06 00:00:00'),
(304, 9, 3, 26, 1, '2020-10-06 00:00:00', 1, '2020-10-06 00:00:00'),
(305, 9, 4, 26, 1, '2020-10-06 00:00:00', 1, '2020-10-06 00:00:00'),
(306, 9, 5, 26, 1, '2020-10-06 00:00:00', 1, '2020-10-06 00:00:00'),
(307, 10, 1, 26, 1, '2020-10-06 00:00:00', 1, '2020-10-06 00:00:00'),
(308, 10, 2, 26, 1, '2020-10-06 00:00:00', 1, '2020-10-06 00:00:00'),
(309, 10, 3, 26, 1, '2020-10-06 00:00:00', 1, '2020-10-06 00:00:00'),
(310, 10, 4, 26, 1, '2020-10-06 00:00:00', 1, '2020-10-06 00:00:00'),
(311, 10, 5, 26, 1, '2020-10-06 00:00:00', 1, '2020-10-06 00:00:00'),
(362, 1, 1, 31, 30, '2020-10-06 00:00:00', 30, '2020-10-06 00:00:00'),
(363, 1, 2, 31, 30, '2020-10-06 00:00:00', 30, '2020-10-06 00:00:00'),
(364, 1, 3, 31, 30, '2020-10-06 00:00:00', 30, '2020-10-06 00:00:00'),
(365, 1, 4, 31, 30, '2020-10-06 00:00:00', 30, '2020-10-06 00:00:00'),
(366, 1, 5, 31, 30, '2020-10-06 00:00:00', 30, '2020-10-06 00:00:00'),
(367, 2, 1, 31, 30, '2020-10-06 00:00:00', 30, '2020-10-06 00:00:00'),
(368, 2, 2, 31, 30, '2020-10-06 00:00:00', 30, '2020-10-06 00:00:00'),
(369, 2, 3, 31, 30, '2020-10-06 00:00:00', 30, '2020-10-06 00:00:00'),
(370, 2, 4, 31, 30, '2020-10-06 00:00:00', 30, '2020-10-06 00:00:00'),
(371, 2, 5, 31, 30, '2020-10-06 00:00:00', 30, '2020-10-06 00:00:00'),
(372, 3, 1, 31, 30, '2020-10-06 00:00:00', 30, '2020-10-06 00:00:00'),
(373, 3, 2, 31, 30, '2020-10-06 00:00:00', 30, '2020-10-06 00:00:00'),
(374, 3, 3, 31, 30, '2020-10-06 00:00:00', 30, '2020-10-06 00:00:00'),
(375, 3, 4, 31, 30, '2020-10-06 00:00:00', 30, '2020-10-06 00:00:00'),
(376, 3, 5, 31, 30, '2020-10-06 00:00:00', 30, '2020-10-06 00:00:00'),
(377, 4, 1, 31, 30, '2020-10-06 00:00:00', 30, '2020-10-06 00:00:00'),
(378, 4, 2, 31, 30, '2020-10-06 00:00:00', 30, '2020-10-06 00:00:00'),
(379, 4, 3, 31, 30, '2020-10-06 00:00:00', 30, '2020-10-06 00:00:00'),
(380, 4, 4, 31, 30, '2020-10-06 00:00:00', 30, '2020-10-06 00:00:00'),
(381, 4, 5, 31, 30, '2020-10-06 00:00:00', 30, '2020-10-06 00:00:00'),
(382, 5, 1, 31, 30, '2020-10-06 00:00:00', 30, '2020-10-06 00:00:00'),
(383, 5, 2, 31, 30, '2020-10-06 00:00:00', 30, '2020-10-06 00:00:00'),
(384, 5, 3, 31, 30, '2020-10-06 00:00:00', 30, '2020-10-06 00:00:00'),
(385, 5, 4, 31, 30, '2020-10-06 00:00:00', 30, '2020-10-06 00:00:00'),
(386, 5, 5, 31, 30, '2020-10-06 00:00:00', 30, '2020-10-06 00:00:00'),
(387, 6, 1, 31, 30, '2020-10-06 00:00:00', 30, '2020-10-06 00:00:00'),
(388, 6, 2, 31, 30, '2020-10-06 00:00:00', 30, '2020-10-06 00:00:00'),
(389, 6, 3, 31, 30, '2020-10-06 00:00:00', 30, '2020-10-06 00:00:00'),
(390, 6, 4, 31, 30, '2020-10-06 00:00:00', 30, '2020-10-06 00:00:00'),
(391, 6, 5, 31, 30, '2020-10-06 00:00:00', 30, '2020-10-06 00:00:00'),
(392, 7, 1, 31, 30, '2020-10-06 00:00:00', 30, '2020-10-06 00:00:00'),
(393, 7, 2, 31, 30, '2020-10-06 00:00:00', 30, '2020-10-06 00:00:00'),
(394, 7, 3, 31, 30, '2020-10-06 00:00:00', 30, '2020-10-06 00:00:00'),
(395, 7, 4, 31, 30, '2020-10-06 00:00:00', 30, '2020-10-06 00:00:00'),
(396, 7, 5, 31, 30, '2020-10-06 00:00:00', 30, '2020-10-06 00:00:00'),
(397, 8, 1, 31, 30, '2020-10-06 00:00:00', 30, '2020-10-06 00:00:00'),
(398, 8, 2, 31, 30, '2020-10-06 00:00:00', 30, '2020-10-06 00:00:00'),
(399, 8, 3, 31, 30, '2020-10-06 00:00:00', 30, '2020-10-06 00:00:00'),
(400, 8, 4, 31, 30, '2020-10-06 00:00:00', 30, '2020-10-06 00:00:00'),
(401, 8, 5, 31, 30, '2020-10-06 00:00:00', 30, '2020-10-06 00:00:00'),
(402, 9, 1, 31, 30, '2020-10-06 00:00:00', 30, '2020-10-06 00:00:00'),
(403, 9, 2, 31, 30, '2020-10-06 00:00:00', 30, '2020-10-06 00:00:00'),
(404, 9, 3, 31, 30, '2020-10-06 00:00:00', 30, '2020-10-06 00:00:00'),
(405, 9, 4, 31, 30, '2020-10-06 00:00:00', 30, '2020-10-06 00:00:00'),
(406, 9, 5, 31, 30, '2020-10-06 00:00:00', 30, '2020-10-06 00:00:00'),
(407, 10, 1, 31, 30, '2020-10-06 00:00:00', 30, '2020-10-06 00:00:00'),
(408, 10, 2, 31, 30, '2020-10-06 00:00:00', 30, '2020-10-06 00:00:00'),
(409, 10, 3, 31, 30, '2020-10-06 00:00:00', 30, '2020-10-06 00:00:00'),
(410, 10, 4, 31, 30, '2020-10-06 00:00:00', 30, '2020-10-06 00:00:00'),
(411, 10, 5, 31, 30, '2020-10-06 00:00:00', 30, '2020-10-06 00:00:00'),
(412, 1, 1, 30, 1, '2020-10-06 00:00:00', 1, '2020-10-06 00:00:00'),
(413, 1, 2, 30, 1, '2020-10-06 00:00:00', 1, '2020-10-06 00:00:00'),
(414, 1, 3, 30, 1, '2020-10-06 00:00:00', 1, '2020-10-06 00:00:00'),
(415, 1, 4, 30, 1, '2020-10-06 00:00:00', 1, '2020-10-06 00:00:00'),
(416, 1, 5, 30, 1, '2020-10-06 00:00:00', 1, '2020-10-06 00:00:00'),
(417, 2, 1, 30, 1, '2020-10-06 00:00:00', 1, '2020-10-06 00:00:00'),
(418, 2, 2, 30, 1, '2020-10-06 00:00:00', 1, '2020-10-06 00:00:00'),
(419, 2, 3, 30, 1, '2020-10-06 00:00:00', 1, '2020-10-06 00:00:00'),
(420, 2, 4, 30, 1, '2020-10-06 00:00:00', 1, '2020-10-06 00:00:00'),
(421, 2, 5, 30, 1, '2020-10-06 00:00:00', 1, '2020-10-06 00:00:00'),
(422, 3, 1, 30, 1, '2020-10-06 00:00:00', 1, '2020-10-06 00:00:00'),
(423, 3, 2, 30, 1, '2020-10-06 00:00:00', 1, '2020-10-06 00:00:00'),
(424, 3, 3, 30, 1, '2020-10-06 00:00:00', 1, '2020-10-06 00:00:00'),
(425, 3, 4, 30, 1, '2020-10-06 00:00:00', 1, '2020-10-06 00:00:00'),
(426, 3, 5, 30, 1, '2020-10-06 00:00:00', 1, '2020-10-06 00:00:00'),
(427, 5, 1, 30, 1, '2020-10-06 00:00:00', 1, '2020-10-06 00:00:00'),
(428, 5, 2, 30, 1, '2020-10-06 00:00:00', 1, '2020-10-06 00:00:00'),
(429, 5, 3, 30, 1, '2020-10-06 00:00:00', 1, '2020-10-06 00:00:00'),
(430, 5, 4, 30, 1, '2020-10-06 00:00:00', 1, '2020-10-06 00:00:00'),
(431, 5, 5, 30, 1, '2020-10-06 00:00:00', 1, '2020-10-06 00:00:00'),
(432, 6, 1, 30, 1, '2020-10-06 00:00:00', 1, '2020-10-06 00:00:00'),
(433, 6, 2, 30, 1, '2020-10-06 00:00:00', 1, '2020-10-06 00:00:00'),
(434, 6, 3, 30, 1, '2020-10-06 00:00:00', 1, '2020-10-06 00:00:00'),
(435, 6, 4, 30, 1, '2020-10-06 00:00:00', 1, '2020-10-06 00:00:00'),
(436, 6, 5, 30, 1, '2020-10-06 00:00:00', 1, '2020-10-06 00:00:00'),
(437, 7, 1, 30, 1, '2020-10-06 00:00:00', 1, '2020-10-06 00:00:00'),
(438, 7, 2, 30, 1, '2020-10-06 00:00:00', 1, '2020-10-06 00:00:00'),
(439, 7, 3, 30, 1, '2020-10-06 00:00:00', 1, '2020-10-06 00:00:00'),
(440, 7, 4, 30, 1, '2020-10-06 00:00:00', 1, '2020-10-06 00:00:00'),
(441, 7, 5, 30, 1, '2020-10-06 00:00:00', 1, '2020-10-06 00:00:00'),
(442, 8, 1, 30, 1, '2020-10-06 00:00:00', 1, '2020-10-06 00:00:00'),
(443, 8, 2, 30, 1, '2020-10-06 00:00:00', 1, '2020-10-06 00:00:00'),
(444, 8, 3, 30, 1, '2020-10-06 00:00:00', 1, '2020-10-06 00:00:00'),
(445, 8, 4, 30, 1, '2020-10-06 00:00:00', 1, '2020-10-06 00:00:00'),
(446, 8, 5, 30, 1, '2020-10-06 00:00:00', 1, '2020-10-06 00:00:00'),
(447, 9, 1, 30, 1, '2020-10-06 00:00:00', 1, '2020-10-06 00:00:00'),
(448, 9, 2, 30, 1, '2020-10-06 00:00:00', 1, '2020-10-06 00:00:00'),
(449, 9, 3, 30, 1, '2020-10-06 00:00:00', 1, '2020-10-06 00:00:00'),
(450, 9, 4, 30, 1, '2020-10-06 00:00:00', 1, '2020-10-06 00:00:00'),
(451, 9, 5, 30, 1, '2020-10-06 00:00:00', 1, '2020-10-06 00:00:00'),
(452, 10, 1, 30, 1, '2020-10-06 00:00:00', 1, '2020-10-06 00:00:00'),
(453, 10, 2, 30, 1, '2020-10-06 00:00:00', 1, '2020-10-06 00:00:00'),
(454, 10, 3, 30, 1, '2020-10-06 00:00:00', 1, '2020-10-06 00:00:00'),
(455, 10, 4, 30, 1, '2020-10-06 00:00:00', 1, '2020-10-06 00:00:00'),
(456, 10, 5, 30, 1, '2020-10-06 00:00:00', 1, '2020-10-06 00:00:00');

-- --------------------------------------------------------

--
-- Table structure for table `provinces`
--

CREATE TABLE IF NOT EXISTS `provinces` (
  `ID` int(11) NOT NULL,
  `Code` varchar(10) NOT NULL,
  `Title` varchar(255) CHARACTER SET utf8mb3 COLLATE utf8mb3_general_ci NOT NULL,
  `Status` enum('Active','Inactive','Deleted') NOT NULL DEFAULT 'Active'
) ENGINE=InnoDB AUTO_INCREMENT=8 DEFAULT CHARSET=latin1 COLLATE=latin1_swedish_ci;

--
-- Dumping data for table `provinces`
--

INSERT INTO `provinces` (`ID`, `Code`, `Title`, `Status`) VALUES
(1, 'P1', 'कोशी प्रदेश', 'Active'),
(2, 'P2', 'मधेश प्रदेश', 'Active'),
(3, 'P3', 'बागमती प्रदेश', 'Active'),
(4, 'P4', 'गण्डकी प्रदेश', 'Active'),
(5, 'P5', 'लुम्बिनी प्रदेश', 'Active'),
(6, 'P6', 'कर्णाली प्रदेश', 'Active'),
(7, 'P7', 'सुदूरपश्चिम प्रदेश', 'Active');

-- --------------------------------------------------------

--
-- Table structure for table `senior_citizen`
--

CREATE TABLE IF NOT EXISTS `senior_citizen` (
  `id` int(11) NOT NULL,
  `darta_no` int(11) NOT NULL,
  `name` varchar(255) NOT NULL,
  `state` int(11) NOT NULL,
  `district` int(11) NOT NULL,
  `gapa_napa` int(11) NOT NULL,
  `tol` varchar(255) NOT NULL,
  `ward_no` int(11) NOT NULL,
  `gender` int(11) NOT NULL,
  `age` int(11) NOT NULL,
  `dob` varchar(255) NOT NULL,
  `blood_group` varchar(255) NOT NULL,
  `citizen_no` varchar(255) NOT NULL,
  `citizen_date` varchar(30) NOT NULL,
  `citizen_district` varchar(255) NOT NULL,
  `wife_name` varchar(255) NOT NULL,
  `discount_offer` varchar(255) NOT NULL,
  `contact_person` varchar(255) NOT NULL,
  `contact_no` varchar(30) DEFAULT NULL,
  `contact_person_address` varchar(255) NOT NULL,
  `pp_no` varchar(255) NOT NULL,
  `care_center` varchar(255) NOT NULL,
  `diseases` varchar(255) NOT NULL,
  `medicine` varchar(255) NOT NULL,
  `image` varchar(255) NOT NULL,
  `fiscal_year` varchar(30) NOT NULL,
  `created_at` varchar(25) DEFAULT NULL,
  `created_by` int(11) DEFAULT NULL,
  `created_ip` varchar(255) DEFAULT NULL,
  `modified_by` int(11) DEFAULT NULL,
  `modified_at` varchar(25) DEFAULT NULL,
  `modified_ip` varchar(255) DEFAULT NULL
) ENGINE=InnoDB AUTO_INCREMENT=16 DEFAULT CHARSET=utf8mb3 COLLATE=utf8mb3_general_ci;

--
-- Dumping data for table `senior_citizen`
--

INSERT INTO `senior_citizen` (`id`, `darta_no`, `name`, `state`, `district`, `gapa_napa`, `tol`, `ward_no`, `gender`, `age`, `dob`, `blood_group`, `citizen_no`, `citizen_date`, `citizen_district`, `wife_name`, `discount_offer`, `contact_person`, `contact_no`, `contact_person_address`, `pp_no`, `care_center`, `diseases`, `medicine`, `image`, `fiscal_year`, `created_at`, `created_by`, `created_ip`, `modified_by`, `modified_at`, `modified_ip`) VALUES
(1, 2, 'रचना पण्डित ', 3, 514, 2557, 'नलाङ्ग ', 1, 2, 1, '2081-02-17', 'B+', '4125', '2081-02-18', 'धादिङ', '', '', 'SAGAR LAMSAL ', '9851117526', 'THEGANA ', '1425', 'NABARAJ', 'ROG ', 'SITAMOL', '1717047113-GalchhiLogo.png', '2080/081', '2024-05-30', 4, '27.34.64.172', NULL, NULL, NULL),
(2, 3, 'हरि थापा मगर ', 3, 514, 2557, 'गोगनपानी', 8, 1, 17, '2064-09-11', 'B+', '111', '2081-03-06', 'धादिङ', '', '', 'राम मगर', '0000000000', 'गल्छी ८', '', '', '', '', '', '2080/081', '2024-06-28', 4, '113.199.231.115', NULL, NULL, NULL),
(3, 4, 'रेशम बहादुर खड्का', 3, 514, 2557, 'भल्टार', 7, 1, 74, '2007-03-08', 'O+', '२३४', '2081-03-13', 'धादिङ', 'रेष्मा', 'सार्वजनिक ', 'रेष्मा', '९८६८०९६९४७', 'गल्छी ७', '', '', '', '', '', '2080/081', '2024-06-28', 4, '113.199.231.115', NULL, NULL, NULL),
(4, 5, 'रेशम बहादुर खड्का', 3, 514, 2557, 'भल्टार', 7, 1, 74, '2007-03-09', 'O-', '२३४५', '2081-03-13', 'धादिङ', 'रेष्मा', '', 'रेष्मा', '९८६८०९६९४७', 'गल्छी ७', '', '', '', '', '', '2080/081', '2024-06-28', 5, '113.199.231.115', NULL, NULL, NULL),
(5, 6, 'राज बहादुर थापा ', 3, 514, 2557, 'मासटार', 4, 1, 65, '2016-03-01', 'A+', '१२३४', '2036-03-01', 'धादिङ', 'फलानी', '', 'प्रेम थापा ', '9864976803', 'मासटार', '', '', '', '', '1719628007-IMG-20240428-WA0000.jpg', '2080/081', '2024-06-29', 4, '49.244.95.215', NULL, NULL, NULL),
(6, 11, 'वजय कुमार गिरी', 3, 514, 2557, 'गहते', 1, 1, 80, '2001-03-10', 'A+', '२३४५६६', '2062-03-10', 'धादिङ', 'सानुमाया गिरि', 'जववपप', 'करण गिरी', 'वलपप', 'करण गिरी', '३५३५६४', 'कृपा वृद्ध आश्रम', 'म', '', '1719628283-Pan_front_page.jpg', '2080/081', '2024-06-29', 4, '49.244.95.215', NULL, NULL, NULL),
(7, 8, 'राम बहादुर भुजेल', 3, 514, 2557, 'बेलीनीटार', 2, 1, 71, '2010-05-02', 'O+', '५२३', '2050-03-10', 'धादिङ', 'रमा भुजेल', 'नेपाल सरकारकाे नियमानुसार', 'हरी भुजेल', '९८०१२३४५१२', 'बेलीनीटार ', '', '', '', '', '', '2080/081', '2024-06-29', 4, '49.244.95.215', NULL, NULL, NULL),
(8, 9, 'विकास थापा', 3, 514, 2557, 'गल्छी', 6, 1, 40, '2041-01-01', 'A+', '०९८०', '2062-03-02', 'धादिङ', '', '', 'राम थापा', '९८४९२२६०९४', 'गाउँ', '', '', '', '', '', '2080/081', '2024-06-29', 4, '49.244.95.215', NULL, NULL, NULL),
(9, 10, 'अर्जुन भुजेल', 3, 514, 2557, 'बैरेनी', 6, 1, 69, '2012-12-30', 'A+', '२६/३०४१-१६५', '२०४३/१२/३०', 'धादिङ', '', 'नियमुसार', 'उद्वव भुजेल', '९८४१३४००००', 'बैरेनी', '३४२', '-', '-', '-', '', '2080/081', '2024-06-29', 4, '49.244.95.215', NULL, NULL, NULL),
(10, 12, 'राजन', 3, 514, 2557, 'दलाङ', 1, 1, 69, '2012-03-01', 'A-', '१२३४', '2039-03-16', 'धादिङ', 'माइली', '५०%', 'रोशन', '९८६३४५६७८९', 'गल्छी-१, धादिङ', '', '', '', '', '1719628289-313466970_502489945097162_2363700999438155522_n.jpg', '2080/081', '2024-06-29', 4, '49.244.95.215', NULL, NULL, NULL),
(11, 13, 'किरण गिरी', 3, 514, 2557, 'बैरेनी', 6, 1, 28, '2053-08-12', 'B+', '53-03-71-00022', '2071-03-06', 'धादिङ', 'बासना खड्का', 'यातायात सुविधा', 'किरण गिरी', '9844269456', 'बैरेनी', '0', 'बासना खड्का', '', '', '1719628313-Screenshot_2024-04-24_115208.png', '2080/081', '2024-06-29', 4, '49.244.95.215', NULL, NULL, NULL),
(12, 14, 'पूर्णलक्ष्मी तुलाधर', 3, 514, 2557, 'पाेखरीगाउँ', 3, 2, 27, '2054-03-11', 'A+', '४५्।५५५४', '२०४५।०५।०३', 'धादिङ', 'खडगमान तुलाधर', 'नियामानुसार छुट सुविधा', 'ज्ञानलाल तुलाधर', '९८६१५३३६५५', 'गल्छी ३', '५५।८०।८१', '', '', '', '', '2080/081', '2024-06-29', 4, '49.244.95.215', NULL, NULL, NULL),
(13, 16, 'अमन ', 3, 514, 2557, 'कल्लेरी', 3, 1, 60, '2021-03-18', 'O-', '9548', '2071-12-10', 'धादिङ', '', '', 'अभिदा', '6855888', 'गल्छी 3', '', '', '', '', '1719628554-IMG_20221201_154843.jpg', '2080/081', '2024-06-29', 4, '49.244.95.215', NULL, NULL, NULL),
(14, 17, 'विकास थापा', 3, 514, 2557, 'गल्छी', 5, 1, 74, '2007-03-08', 'B-', '345678', '2027-03-09', 'धादिङ', 'विकास थापा', '', 'राम थापा', '987654321234', 'गाउँ', '45678', '56789', '', '', '1719628879-viber_image_2024-06-27_15-56-30-413.jpg', '2080/081', '2024-06-29', 4, '49.244.95.215', NULL, NULL, NULL);

-- --------------------------------------------------------

--
-- Table structure for table `settings_district`
--

CREATE TABLE IF NOT EXISTS `settings_district` (
  `id` int(11) NOT NULL,
  `name` text CHARACTER SET utf8mb3 COLLATE utf8mb3_general_ci NOT NULL,
  `english_name` varchar(255) NOT NULL,
  `state` int(11) NOT NULL
) ENGINE=InnoDB AUTO_INCREMENT=559 DEFAULT CHARSET=latin1 COLLATE=latin1_swedish_ci;

--
-- Dumping data for table `settings_district`
--

INSERT INTO `settings_district` (`id`, `name`, `english_name`, `state`) VALUES
(481, 'ताप्लेजुङ', 'Taplejung', 1),
(482, 'पाँचथर', 'Panchthar', 1),
(483, 'ईलाम', 'Ilam', 1),
(484, 'झापा', 'Jhapa', 1),
(485, 'मोरङ', 'Morang', 1),
(486, 'सुनसरी', 'Sunsari', 1),
(487, 'धनकुटा', 'Dhankuta', 1),
(488, 'तेहथुम', 'Terhathum', 1),
(489, 'संखुवासभा', 'Sankhuwasabha', 1),
(490, 'भोजपुर', 'Bhojpur', 1),
(491, 'सोलुखुम्बु', 'Solukhumbu', 1),
(492, 'ओखलढुंगा', 'Okhaldhunga', 1),
(493, 'खोटाङ', 'Khotang', 1),
(494, 'उदयपुर', 'Udayapur', 1),
(495, 'सप्तरी', 'Saptari', 2),
(497, 'सिराहा', 'Siraha', 2),
(498, 'धनुषा', 'Dhanusha', 2),
(499, 'महोत्तरी', 'Mahottari', 2),
(500, 'सर्लाही', 'Sarlahi', 2),
(501, 'रौतहट', 'Rautahat', 2),
(502, 'वारा', 'Bara', 2),
(503, 'पर्सा', 'Parsa', 2),
(504, 'सिन्धुली', 'Sindhuli', 3),
(505, 'रामेछाप', 'Ramechhap', 3),
(506, 'दोलखा', 'Dolakha', 3),
(507, 'सिन्धुपाल्चोक', 'Sindhupalchok', 3),
(508, 'काभ्रेपलान्चोक', 'Kavrepalanchok', 3),
(509, 'ललितपुर', 'Lalitpur', 3),
(510, 'भक्तपुर', 'Bhaktapur', 3),
(511, 'काठमाण्डौ', 'Kathmandu', 3),
(512, 'नुवाकोट', 'Nuwakot', 3),
(513, 'रसुवा', 'Rasuwa', 3),
(514, 'धादिङ', 'Dhading', 3),
(515, 'मकवानपुर', 'Makwanpur', 3),
(516, 'चितवन', 'Chitwan', 3),
(517, 'गोरखा', 'Gorkha', 4),
(518, 'लमजुङ', 'Lamjung', 4),
(519, 'तनहुँ', 'Tanahun', 4),
(520, 'स्याङजा', 'Syangja', 4),
(521, 'कास्की', 'Kaski', 4),
(522, 'मुस्ताङ', 'Mustang', 4),
(523, 'म्याग्दी', 'Manang', 4),
(524, 'पर्वत', 'Parbat', 4),
(525, 'वाग्लुङ', 'Baglung', 4),
(526, 'नवलपरासी (बर्दघाट सुस्ता पूर्व)', 'Nawalpur', 4),
(527, 'गुल्मी', 'Gulmi', 5),
(528, 'पाल्पा', 'Palpa', 5),
(529, 'रुपन्देही', 'Rupandehi', 5),
(530, 'कपिलबस्तु', 'Kapilvastu', 5),
(531, 'अर्घाखाँची', 'Arghakhanchi', 5),
(532, 'प्यूठान', 'Pyuthan', 5),
(533, 'रोल्पा', 'Rolpa', 5),
(534, 'रुकुम (पूर्वी भाग)', 'Eastern Rukum', 5),
(535, 'दाङ', 'Dang', 5),
(536, 'बाँके', 'Banke', 5),
(537, 'बर्दिया', 'Bardiya', 5),
(538, 'नवलपरासी (बर्दघाट सुस्ता पश्चिम)', 'Parasi', 5),
(539, 'रुकुम (पश्चिम भाग)', 'Western Rukum', 6),
(540, 'सल्यान', 'Salyan', 6),
(541, 'सुर्खेत', 'Surkhet', 6),
(542, 'दैलेख', 'Dailekh', 6),
(543, 'जाजरकोट', 'Jajarkot', 6),
(544, 'डोल्पा', 'Dolpa', 6),
(545, 'जुम्ला', 'Jumla', 6),
(546, 'कालिकोट', 'Kalikot', 6),
(547, 'मुगु', 'Mugu', 6),
(548, 'हुम्ला', 'Humla', 6),
(549, 'बाजुरा', 'Bajura', 7),
(550, 'बझाङ', 'Bajhang', 7),
(551, 'अछाम', 'Achham', 7),
(552, 'डोटी', 'Doti', 7),
(553, 'कैलाली', 'Kailali', 7),
(554, 'कञ्चनपुर', 'Kanchanpur', 7),
(555, 'डडेलधुरा', 'Dadeldhura', 7),
(556, 'बैतडी', 'Baitadi', 7),
(557, 'दार्चुला', 'Darchula', 7),
(558, 'मनांग', 'Manang', 4);

-- --------------------------------------------------------

--
-- Table structure for table `settings_vdc_municipality`
--

CREATE TABLE IF NOT EXISTS `settings_vdc_municipality` (
  `id` int(11) NOT NULL,
  `name` text CHARACTER SET utf8mb3 COLLATE utf8mb3_general_ci NOT NULL,
  `english_name` varchar(255) NOT NULL,
  `district` text CHARACTER SET utf8mb3 COLLATE utf8mb3_general_ci NOT NULL,
  `type` text CHARACTER SET utf8mb3 COLLATE utf8mb3_general_ci NOT NULL,
  `district_id` int(11) NOT NULL
) ENGINE=InnoDB AUTO_INCREMENT=2944 DEFAULT CHARSET=latin1 COLLATE=latin1_swedish_ci;

--
-- Dumping data for table `settings_vdc_municipality`
--

INSERT INTO `settings_vdc_municipality` (`id`, `name`, `english_name`, `district`, `type`, `district_id`) VALUES
(2191, 'फुङलिङ नगरपालिका', 'Phungling Municipality', 'ताप्लेजुङ', 'नगरपालिका', 481),
(2192, 'आठराई त्रिवेणी गाउँपालिका', 'Aathrai Tribeni Rural Municipality', 'ताप्लेजुङ', 'गाउँपालिका', 481),
(2193, 'सिदिङ्वा गाउँपालिका', 'Sidingba Rural Municipality', 'ताप्लेजुङ', 'गाउँपालिका', 481),
(2194, 'फक्ताङलुङ गाउँपालिका', 'Phaktanglung Rural Municipality', 'ताप्लेजुङ', 'गाउँपालिका', 481),
(2195, 'मिक्वाखोला गाउँपालिका', 'Mikwakhola Rural Municipality', 'ताप्लेजुङ', 'गाउँपालिका', 481),
(2196, 'मेरिङदेन गाउँपालिका', 'Meringden Rural Municipality', 'ताप्लेजुङ', 'गाउँपालिका', 481),
(2197, 'मैवाखोला गाउँपालिका', 'Maiwakhola Rural Municipality', 'ताप्लेजुङ', 'गाउँपालिका', 481),
(2198, 'याङवरक गाउँपालिका', 'Pathivara Yangwarak Rural Municipality', 'ताप्लेजुङ', 'गाउँपालिका', 481),
(2199, 'सिरीजङ्घा गाउँपालिका', 'Sirijangha Rural Municipality', 'ताप्लेजुङ', 'गाउँपालिका', 481),
(2200, 'फिदिम नगरपालिका', 'Phidim Municipality', 'पाँचथर', 'नगरपालिका', 482),
(2201, 'फालेलुंग गाउँपालिका', 'Falelung Rural Municipality', 'पाँचथर', 'गाउँपालिका', 482),
(2202, 'फाल्गुनन्द गाउँपालिका', 'Falgunanda Rural Municipality', 'पाँचथर', 'गाउँपालिका', 482),
(2203, 'हिलिहाङ गाउँपालिका', 'Hilihang Rural Municipality', 'पाँचथर', 'गाउँपालिका', 482),
(2204, 'कुम्मायक गाउँपालिका', 'Kummayak Rural Municipality', 'पाँचथर', 'गाउँपालिका', 482),
(2205, 'मिक्लाजुङ गाउँपालिका', 'Miklajung Rural Municipality', 'पाँचथर', 'गाउँपालिका', 482),
(2206, 'तुम्बेवा गाउँपालिका', 'Tumbewa Rural Municipality', 'पाँचथर', 'गाउँपालिका', 482),
(2207, 'याङवरक गाउँपालिका', 'Yangwarak Rural Municipality', 'पाँचथर', 'गाउँपालिका', 482),
(2208, 'ईलाम नगरपालिका', 'Illam Municipality', 'ईलाम', 'नगरपालिका', 483),
(2209, 'देउमाई नगरपालिका', 'Deumai Municipality', 'ईलाम', 'नगरपालिका', 483),
(2210, 'माई नगरपालिका', 'Mai Municipality', 'ईलाम', 'नगरपालिका', 483),
(2211, 'सूर्योदय नगरपालिका', 'Suryodaya Municipality', 'ईलाम', 'नगरपालिका', 483),
(2212, 'फाकफोकथुम गाउँपालिका', 'Fakphokthum Rural Municipality', 'ईलाम', 'गाउँपालिका', 483),
(2213, 'चुलाचुली गाउँपालिका', 'Chulachuli Rural Municipality', 'ईलाम', 'गाउँपालिका', 483),
(2214, 'माईजोगमाई गाउँपालिका', 'Maijogmai Rural Municipality', 'ईलाम', 'गाउँपालिका', 483),
(2215, 'माङसेबुङ गाउँपालिका', 'Mangsebung Rural Municipality', 'ईलाम', 'गाउँपालिका', 483),
(2216, 'रोङ गाउँपालिका', 'Rong Rural Municipality', 'ईलाम', 'गाउँपालिका', 483),
(2217, 'सन्दकपुर गाउँपालिका', 'Sandakpur Rural Municipality', 'ईलाम', 'गाउँपालिका', 483),
(2218, 'मेचीनगर नगरपालिका', 'Mechinagar Municipality', 'झापा', 'नगरपालिका', 484),
(2219, 'दमक नगरपालिका', 'Damak Municipality', 'झापा', 'नगरपालिका', 484),
(2220, 'कन्काई नगरपालिका', 'Kankai Municipality', 'झापा', 'नगरपालिका', 484),
(2221, 'भद्रपुर नगरपालिका', 'Bhadrapur Municipality', 'झापा', 'नगरपालिका', 484),
(2222, 'अर्जुनधारा नगरपालिका', 'Arjundhara Municipality', 'झापा', 'नगरपालिका', 484),
(2223, 'शिवशताक्षी नगरपालिका', 'Shivasataxi Municipality', 'झापा', 'नगरपालिका', 484),
(2224, 'गौरादह नगरपालिका', 'Gauradhaha Municipality', 'झापा', 'नगरपालिका', 484),
(2225, 'विर्तामोड नगरपालिका', 'Birtamod Municipality', 'झापा', 'नगरपालिका', 484),
(2226, 'कमल गाउँपालिका', 'Kamal Rural Municipality', 'झापा', 'गाउँपालिका', 484),
(2227, 'गौरीगंज गाउँपालिका', 'Gauriganj Rural Municipality', 'झापा', 'गाउँपालिका', 484),
(2228, 'बाह्रदशी गाउँपालिका', 'Barhadashi Rural Municipality', 'झापा', 'गाउँपालिका', 484),
(2229, 'झापा गाउँपालिका', 'Jhapa Rural Municipality', 'झापा', 'गाउँपालिका', 484),
(2230, 'बुद्धशान्ति गाउँपालिका', 'Buddhashanti Rural Municipality', 'झापा', 'गाउँपालिका', 484),
(2231, 'हल्दिवारी गाउँपालिका', 'Haldibari Rural Municipality', 'झापा', 'गाउँपालिका', 484),
(2232, 'कचनकवल गाउँपालिका', 'Kachankawal Rural Municipality', 'झापा', 'गाउँपालिका', 484),
(2233, 'विराटनगर महानगरपालिका', 'Biratnagar Metropolitian City', 'मोरङ', 'महानगरपालिका', 485),
(2234, 'बेलवारी नगरपालिका', 'Belbari Municipality', 'मोरङ', 'नगरपालिका', 485),
(2235, 'लेटाङ नगरपालिका', 'Letang Municipality', 'मोरङ', 'नगरपालिका', 485),
(2236, 'पथरी शनिश्चरे नगरपालिका', 'Patahrishanishchare Municipality', 'मोरङ', 'नगरपालिका', 485),
(2237, 'रंगेली नगरपालिका', 'Rangeli Municipality', 'मोरङ', 'नगरपालिका', 485),
(2238, 'रतुवामाई नगरपालिका', 'Ratuwamai Municipality', 'मोरङ', 'नगरपालिका', 485),
(2239, 'सुनवर्षि नगरपालिका', 'Sunwarshi Municipality', 'मोरङ', 'नगरपालिका', 485),
(2240, 'उर्लावारी नगरपालिका', 'Uralabari Municipality', 'मोरङ', 'नगरपालिका', 485),
(2241, 'सुन्दरहरैचा नगरपालिका', 'Sundarharaicha Municipality', 'मोरङ', 'नगरपालिका', 485),
(2242, 'बुढीगंगा गाउँपालिका', 'Budhiganga Rural Municipality', 'मोरङ', 'गाउँपालिका', 485),
(2243, 'धनपालथान गाउँपालिका', 'Dhanpalthan Rural Municipality', 'मोरङ', 'गाउँपालिका', 485),
(2244, 'ग्रामथान गाउँपालिका', 'Gramthan Rural Municipality', 'मोरङ', 'गाउँपालिका', 485),
(2245, 'जहदा गाउँपालिका', 'Jahada Rural Municipality', 'मोरङ', 'गाउँपालिका', 485),
(2246, 'कानेपोखरी गाउँपालिका', 'Kanepokhari Rural Municipality', 'मोरङ', 'गाउँपालिका', 485),
(2247, 'कटहरी गाउँपालिका', 'Katahari Rural Municipality', 'मोरङ', 'गाउँपालिका', 485),
(2248, 'केरावारी गाउँपालिका', 'Kerabari Rural Municipality', 'मोरङ', 'गाउँपालिका', 485),
(2249, 'मिक्लाजुङ गाउँपालिका', 'Miklajung Rural Municipality', 'मोरङ', 'गाउँपालिका', 485),
(2250, 'ईटहरी उपमहानगरपालिका', 'Itahari Sub-Metropolitian City', 'सुनसरी', 'उपमहानगरपालिका', 486),
(2251, 'धरान उपमहानगरपालिका', 'Dharan Sub-Metropolitian City', 'सुनसरी', 'उपमहानगरपालिका', 486),
(2252, 'ईनरुवा नगरपालिका', 'Inaruwa Municipality', 'सुनसरी', 'नगरपालिका', 486),
(2253, 'दुहवी नगरपालिका', 'Duhabi Municipality', 'सुनसरी', 'नगरपालिका', 486),
(2254, 'रामधुनी नगरपालिका', 'Ramdhuni Municipality', 'सुनसरी', 'नगरपालिका', 486),
(2255, 'बराह नगरपालिका', 'Barahchhetra Municipality', 'सुनसरी', 'नगरपालिका', 486),
(2256, 'देवानगञ्ज गाउँपालिका', 'Dewanganj Rural Municipality', 'सुनसरी', 'गाउँपालिका', 486),
(2257, 'कोशी गाउँपालिका', 'Koshi Rural Municipality', 'सुनसरी', 'गाउँपालिका', 486),
(2258, 'गढी गाउँपालिका', 'Gadhi Rural Municipality', 'सुनसरी', 'गाउँपालिका', 486),
(2259, 'बर्जु गाउँपालिका', 'Barju Rural Municipality', 'सुनसरी', 'गाउँपालिका', 486),
(2260, 'भोक्राहा गाउँपालिका', 'Bhokraha Narsing Rural Municipality', 'सुनसरी', 'गाउँपालिका', 486),
(2261, 'हरिनगरा गाउँपालिका', 'Harinagar Rural Municipality', 'सुनसरी', 'गाउँपालिका', 486),
(2262, 'पाख्रिबास नगरपालिका', 'Pakhribas Municipality', 'धनकुटा', 'नगरपालिका', 487),
(2263, 'धनकुटा नगरपालिका', 'Dhankuta Municipality', 'धनकुटा', 'नगरपालिका', 487),
(2264, 'महालक्ष्मी नगरपालिका', 'Mahalaxmi Municipality', 'धनकुटा', 'नगरपालिका', 487),
(2265, 'साँगुरीगढी गाउँपालिका', 'Sangurigadhi Rural Municipality', 'धनकुटा', 'गाउँपालिका', 487),
(2266, 'खाल्सा छिन्ताङ सहिदभूमि गाउँपालिका', 'Shahidbhumi Rural Municipality', 'धनकुटा', 'गाउँपालिका', 487),
(2267, 'छथर जोरपाटी गाउँपालिका', 'Chhathar Jorpati Rural Municipality', 'धनकुटा', 'गाउँपालिका', 487),
(2268, 'चौविसे गाउँपालिका', 'Chaubise Rural Municipality', 'धनकुटा', 'गाउँपालिका', 487),
(2269, 'म्याङलुङ नगरपालिका', 'Myanglung Municipality', 'तेहथुम', 'नगरपालिका', 488),
(2270, 'लालीगुराँस नगरपालिका', 'Laligurans Municipality', 'तेहथुम', 'नगरपालिका', 488),
(2271, 'आठराई गाउँपालिका', 'Aathrai Rural Municipality', 'तेहथुम', 'गाउँपालिका', 488),
(2272, 'छथर गाउँपालिका', 'Chhathar Rural Municipality', 'तेहथुम', 'गाउँपालिका', 488),
(2273, 'फेदाप गाउँपालिका', 'Phedap Rural Municipality', 'तेहथुम', 'गाउँपालिका', 488),
(2274, 'मेन्छयायेम गाउँपालिका', 'Menchayam Rural Municipality', 'तेहथुम', 'गाउँपालिका', 488),
(2275, 'चैनपुर नगरपालिका', 'Chainpur Municipality', 'संखुवासभा', 'नगरपालिका', 489),
(2276, 'धर्मदेवी नगरपालिका', 'Dharmadevi Municipality', 'संखुवासभा', 'नगरपालिका', 489),
(2277, 'खाँदवारी नगरपालिका', 'Khandbari Municipality', 'संखुवासभा', 'नगरपालिका', 489),
(2278, 'मादी नगरपालिका', 'Madi Municipality', 'संखुवासभा', 'नगरपालिका', 489),
(2279, 'पाँचखपन नगरपालिका', 'Panchakhapan Municipality', 'संखुवासभा', 'नगरपालिका', 489),
(2280, 'भोटखोला गाउँपालिका', 'Bhotkhola Rural Municipality', 'संखुवासभा', 'गाउँपालिका', 489),
(2281, 'चिचिला गाउँपालिका', 'Chichila Rural Municipality', 'संखुवासभा', 'गाउँपालिका', 489),
(2282, 'मकालु गाउँपालिका', 'Makalu Rural Municipality', 'संखुवासभा', 'गाउँपालिका', 489),
(2283, 'सभापोखरी गाउँपालिका', 'Sabhapokhari Rural Municipality', 'संखुवासभा', 'गाउँपालिका', 489),
(2284, 'सिलीचोङ गाउँपालिका', 'Silichong Rural Municipality', 'संखुवासभा', 'गाउँपालिका', 489),
(2285, 'भोजपुर नगरपालिका', 'Bhojpur Municipality', 'भोजपुर', 'नगरपालिका', 490),
(2286, 'षडानन्द नगरपालिका', 'Shadananda Municipality', 'भोजपुर', 'नगरपालिका', 490),
(2287, 'ट्याम्केमैयुम गाउँपालिका', 'Temkemaiyung Rural Municipality', 'भोजपुर', 'गाउँपालिका', 490),
(2288, 'रामप्रसाद राई गाउँपालिका', 'Ramprasad Rai Rural Municipality', 'भोजपुर', 'गाउँपालिका', 490),
(2289, 'अरुण गाउँपालिका', 'Arun Rural Municipality', 'भोजपुर', 'गाउँपालिका', 490),
(2290, 'पौवादुङमा गाउँपालिका', 'Pauwadungma Rural Municipality', 'भोजपुर', 'गाउँपालिका', 490),
(2291, 'साल्पासिलिछो गाउँपालिका', 'Salpasilichho Rural Municipality', 'भोजपुर', 'गाउँपालिका', 490),
(2292, 'आमचोक गाउँपालिका', 'Aamchowk Rural Municipality', 'भोजपुर', 'गाउँपालिका', 490),
(2293, 'हतुवागढी गाउँपालिका', 'Hatuwagadhi Rural Municipality', 'भोजपुर', 'गाउँपालिका', 490),
(2294, 'सोलुदुधकुण्ड नगरपालिका', 'Solududhakunda Municipality', 'सोलुखुम्बु', 'नगरपालिका', 491),
(2295, 'दुधकोसी गाउँपालिका', 'Maapya Dudhkoshi Rural Municipality', 'सोलुखुम्बु', 'गाउँपालिका', 491),
(2296, 'खुम्वु पासाङल्हमु गाउँपालिका', 'Khumbupasanglahmu Rural Municipality', 'सोलुखुम्बु', 'गाउँपालिका', 491),
(2297, 'दुधकौशिका गाउँपालिका', 'Thulung Dudhkoshi Rural Municipality', 'सोलुखुम्बु', 'गाउँपालिका', 491),
(2298, 'नेचासल्यान गाउँपालिका', 'Nechasalyan Rural Municipality', 'सोलुखुम्बु', 'गाउँपालिका', 491),
(2299, 'माहाकुलुङ गाउँपालिका', 'Mahakulung Rural Municipality', 'सोलुखुम्बु', 'गाउँपालिका', 491),
(2300, 'लिखु पिके गाउँपालिका', 'Likhupike Rural Municipality', 'सोलुखुम्बु', 'गाउँपालिका', 491),
(2301, 'सोताङ गाउँपालिका', 'Sotang Rural Municipality', 'सोलुखुम्बु', 'गाउँपालिका', 491),
(2302, 'सिद्दिचरण नगरपालिका', 'Siddhicharan Municipality', 'ओखलढुंगा', 'नगरपालिका', 492),
(2303, 'खिजिदेम्बा गाउँपालिका', 'Khijidemba Rural Municipality', 'ओखलढुंगा', 'गाउँपालिका', 492),
(2304, 'चम्पादेवी गाउँपालिका', 'Champadevi Rural Municipality', 'ओखलढुंगा', 'गाउँपालिका', 492),
(2305, 'चिशंखुगढी गाउँपालिका', 'Chisankhugadhi Rural Municipality', 'ओखलढुंगा', 'गाउँपालिका', 492),
(2306, 'मानेभञ्याङ गाउँपालिका', 'Manebhanjyang Rural Municipality', 'ओखलढुंगा', 'गाउँपालिका', 492),
(2307, 'मोलुङ गाउँपालिका', 'Molung Rural Municipality', 'ओखलढुंगा', 'गाउँपालिका', 492),
(2308, 'लिखु गाउँपालिका', 'Likhu Rural Municipality', 'ओखलढुंगा', 'गाउँपालिका', 492),
(2309, 'सुनकोशी गाउँपालिका', 'Sunkoshi Rural Municipality', 'ओखलढुंगा', 'गाउँपालिका', 492),
(2310, 'हलेसी तुवाचुङ नगरपालिका', 'Halesi Tuwachung Municipality', 'खोटाङ', 'नगरपालिका', 493),
(2311, 'रुपाकोट मझुवागढी नगरपालिका', 'Diktel Rupakot Majhuwagadhi Municipality', 'खोटाङ', 'नगरपालिका', 493),
(2312, 'ऐसेलुखर्क गाउँपालिका', 'Ainselukhark Rural Municipality', 'खोटाङ', 'गाउँपालिका', 493),
(2313, 'लामीडाँडा गाउँपालिका', 'Rawa Besi Rural Municipality', 'खोटाङ', 'गाउँपालिका', 493),
(2314, 'जन्तेढुंगा गाउँपालिका', 'Jantedhunga Rural Municipality', 'खोटाङ', 'गाउँपालिका', 493),
(2315, 'खोटेहाङ गाउँपालिका', 'Khotehang Rural Municipality', 'खोटाङ', 'गाउँपालिका', 493),
(2316, 'केपिलासगढी गाउँपालिका', 'Kepilasagadhi Rural Municipality', 'खोटाङ', 'गाउँपालिका', 493),
(2317, 'दिप्रुङ गाउँपालिका', 'Diprung Chuichumma Rural Municipality', 'खोटाङ', 'गाउँपालिका', 493),
(2318, 'साकेला गाउँपालिका', 'Sakela Rural Municipality', 'खोटाङ', 'गाउँपालिका', 493),
(2319, 'वराहपोखरी गाउँपालिका', 'Barahapokhari Rural Municipality', 'खोटाङ', 'गाउँपालिका', 493),
(2320, 'कटारी नगरपालिका', 'Katari Municipality', 'उदयपुर', 'नगरपालिका', 494),
(2321, 'चौदण्डीगढी नगरपालिका', 'Chaudandigadhi Municipality', 'उदयपुर', 'नगरपालिका', 494),
(2322, 'त्रियुगा नगरपालिका', 'Triyuga Municipality', 'उदयपुर', 'नगरपालिका', 494),
(2323, 'वेलका नगरपालिका', 'Belaka Municipality', 'उदयपुर', 'नगरपालिका', 494),
(2324, 'उदयपुरगढी गाउँपालिका', 'Udayapurgadhi Rural Municipality', 'उदयपुर', 'गाउँपालिका', 494),
(2325, 'ताप्ली गाउँपालिका', 'Tapli Rural Municipality', 'उदयपुर', 'गाउँपालिका', 494),
(2326, 'रौतामाई गाउँपालिका', 'Rautamai Rural Municipality', 'उदयपुर', 'गाउँपालिका', 494),
(2327, 'सुनकोशी गाउँपालिका', 'Limchungbung Rural Municipality', 'उदयपुर', 'गाउँपालिका', 494),
(2328, 'राजविराज नगरपालिका', 'Rajbiraj Municipality', 'सप्तरी', 'नगरपालिका', 495),
(2329, 'कञ्चनरुप नगरपालिका', 'Kanchanrup Municipality', 'सप्तरी', 'नगरपालिका', 495),
(2330, 'डाक्नेश्वरी नगरपालिका', 'Dakneshwori Municipality', 'सप्तरी', 'नगरपालिका', 495),
(2331, 'बोदेबरसाईन नगरपालिका', 'Bode Barsain Municipality', 'सप्तरी', 'नगरपालिका', 495),
(2332, 'खडक नगरपालिका', 'Khadak Municipality', 'सप्तरी', 'नगरपालिका', 495),
(2333, 'शम्भुनाथ नगरपालिका', 'Shambhunath Municipality', 'सप्तरी', 'नगरपालिका', 495),
(2334, 'सुरुङ्‍गा नगरपालिका', 'Surunga Municipality', 'सप्तरी', 'नगरपालिका', 495),
(2335, 'हनुमाननगर कङ्‌कालिनी नगरपालिका', 'Hanumannagar Kankalini Municipality', 'सप्तरी', 'नगरपालिका', 495),
(2336, 'सप्तकोशी नगरपालिका', 'Saptakoshi Rural Municipality', 'सप्तरी', 'नगरपालिका', 495),
(2337, 'अग्निसाइर कृष्णासवरन गाउँपालिका', 'Agnisair Krishna Savaran Rural Municipality', 'सप्तरी', 'गाउँपालिका', 495),
(2338, 'छिन्नमस्ता गाउँपालिका', 'Chhinnamasta Rural Municipality', 'सप्तरी', 'गाउँपालिका', 495),
(2339, 'महादेवा गाउँपालिका', 'Mahadeva Rural Municipality', 'सप्तरी', 'गाउँपालिका', 495),
(2340, 'तिरहुत गाउँपालिका', 'Tirahut Rural Municipality', 'सप्तरी', 'गाउँपालिका', 495),
(2341, 'तिलाठी कोईलाडी गाउँपालिका', 'Tilathi Koiladi Rural Municipality', 'सप्तरी', 'गाउँपालिका', 495),
(2342, 'रुपनी गाउँपालिका', 'Rupani Rural Municipality', 'सप्तरी', 'गाउँपालिका', 495),
(2343, 'बेल्ही चपेना गाउँपालिका', 'Rajgadh Rural Municipality', 'सप्तरी', 'गाउँपालिका', 495),
(2344, 'बिष्णुपुर गाउँपालिका', 'Bishnupur Rural Municipality', 'सप्तरी', 'गाउँपालिका', 495),
(2345, 'बलान-बिहुल गाउँपालिका', 'Balan Bihul Rural Municipality', 'सप्तरी', 'गाउँपालिका', 495),
(2346, 'लहान नगरपालिका', 'Lahan Municipality', 'सिराहा', 'नगरपालिका', 497),
(2347, 'धनगढीमाई नगरपालिका', 'Dhangadhimai Municipality', 'सिराहा', 'नगरपालिका', 497),
(2348, 'सिरहा नगरपालिका', 'Siraha Municipality', 'सिराहा', 'नगरपालिका', 497),
(2349, 'गोलबजार नगरपालिका', 'Golbazar Municipality', 'सिराहा', 'नगरपालिका', 497),
(2350, 'मिर्चैयाँ नगरपालिका', 'Mirchaiya Municipality', 'सिराहा', 'नगरपालिका', 497),
(2351, 'कल्याणपुर नगरपालिका', 'Kalyanpur Municipality', 'सिराहा', 'नगरपालिका', 497),
(2352, 'कर्जन्हा नगरपालिका', 'Karjanha Municipality', 'सिराहा', 'नगरपालिका', 497),
(2353, 'सुखीपुर नगरपालिका', 'Sukhipur Municipality', 'सिराहा', 'नगरपालिका', 497),
(2354, 'भगवानपुर गाउँपालिका', 'Bhagawanpur Rural Municipality', 'सिराहा', 'गाउँपालिका', 497),
(2355, 'औरही गाउँपालिका', 'Aurahi Rural Municipality', 'सिराहा', 'गाउँपालिका', 497),
(2356, 'विष्णुपुर गाउँपालिका', 'Bishnupur Rural Municipality', 'सिराहा', 'गाउँपालिका', 497),
(2357, 'बरियारपट्टी गाउँपालिका', 'Bariyarpatti Rural Municipality', 'सिराहा', 'गाउँपालिका', 497),
(2358, 'लक्ष्मीपुर पतारी गाउँपालिका', 'Laxmipur Patari Rural Municipality', 'सिराहा', 'गाउँपालिका', 497),
(2359, 'नरहा गाउँपालिका', 'Naraha Rural Municipality', 'सिराहा', 'गाउँपालिका', 497),
(2360, 'सखुवानान्कारकट्टी गाउँपालिका', 'Sakhuwanankarkatti Rural Municipality', 'सिराहा', 'गाउँपालिका', 497),
(2361, 'अर्नमा गाउँपालिका', 'Arnama Rural Municipality', 'सिराहा', 'गाउँपालिका', 497),
(2362, 'नवराजपुर गाउँपालिका', 'Nawarajpur Rural Municipality', 'सिराहा', 'गाउँपालिका', 497),
(2363, 'जनकपुर उपमहानगरपालिका', 'Janakpurdham Sub-Metropolitian City', 'धनुषा', 'उपमहानगरपालिका', 498),
(2364, 'क्षिरेश्वरनाथ नगरपालिका', 'Chhireshwornath Municipality', 'धनुषा', 'नगरपालिका', 498),
(2365, 'गणेशमान चारनाथ नगरपालिका', 'Ganeshman Charnath Municipality', 'धनुषा', 'नगरपालिका', 498),
(2366, 'धनुषाधाम नगरपालिका', 'Dhanusadham Municipality', 'धनुषा', 'नगरपालिका', 498),
(2367, 'नगराइन नगरपालिका', 'Nagarain Municipality', 'धनुषा', 'नगरपालिका', 498),
(2368, 'विदेह नगरपालिका', 'Bideha Municipality', 'धनुषा', 'नगरपालिका', 498),
(2369, 'मिथिला नगरपालिका', 'Mithila Bihari Municipality', 'धनुषा', 'नगरपालिका', 498),
(2370, 'शहीदनगर नगरपालिका', 'Sahidnagar Municipality', 'धनुषा', 'नगरपालिका', 498),
(2371, 'सबैला नगरपालिका', 'Sabaila Municipality', 'धनुषा', 'नगरपालिका', 498),
(2372, 'कमला नगरपालिका', 'Kamala Municipality', 'धनुषा', 'नगरपालिका', 498),
(2373, 'मिथिला बिहारी नगरपालिका', 'Mithila Municipality', 'धनुषा', 'नगरपालिका', 498),
(2374, 'हंसपुर नगरपालिका', 'Hansapur Municipality', 'धनुषा', 'नगरपालिका', 498),
(2375, 'जनकनन्दिनी गाउँपालिका', 'Janaknandani Rural Municipality', 'धनुषा', 'गाउँपालिका', 498),
(2376, 'बटेश्वर गाउँपालिका', 'Bateshwor Rural Municipality', 'धनुषा', 'गाउँपालिका', 498),
(2377, 'मुखियापट्टी मुसहरमिया गाउँपालिका', 'Mukhiyapatti Musarmiya Rural Municipality', 'धनुषा', 'गाउँपालिका', 498),
(2378, 'लक्ष्मीनिया गाउँपालिका', 'Lakshminiya Rural Municipality', 'धनुषा', 'गाउँपालिका', 498),
(2379, 'औरही गाउँपालिका', 'Aaurahi Rural Municipality', 'धनुषा', 'गाउँपालिका', 498),
(2380, 'धनौजी गाउँपालिका', 'Dhanauji Rural Municipality', 'धनुषा', 'गाउँपालिका', 498),
(2381, 'जलेश्वर नगरपालिका', 'Jaleswor Municipality', 'महोत्तरी', 'नगरपालिका', 499),
(2382, 'बर्दिबास नगरपालिका', 'Sonama Rural Municipality', 'महोत्तरी', 'नगरपालिका', 499),
(2383, 'गौशाला नगरपालिका', 'Gaushala Municipality', 'महोत्तरी', 'नगरपालिका', 499),
(2384, 'लोहरपट्टी नगरपालिका', 'Loharpatti Municipality', 'महोत्तरी', 'नगरपालिका', 499),
(2385, 'रामगोपालपुर नगरपालिका', 'Ramgopalpur Municipality', 'महोत्तरी', 'नगरपालिका', 499),
(2386, 'मनरा शिसवा नगरपालिका', 'Manra Siswa Municipality', 'महोत्तरी', 'नगरपालिका', 499),
(2387, 'मटिहानी नगरपालिका', 'Matihani Municipality', 'महोत्तरी', 'नगरपालिका', 499),
(2388, 'भँगाहा नगरपालिका', 'Aurahi Municipality', 'महोत्तरी', 'नगरपालिका', 499),
(2389, 'बलवा नगरपालिका', 'Bardibas Municipality', 'महोत्तरी', 'नगरपालिका', 499),
(2390, 'औरही नगरपालिका', 'Bhangaha Municipality', 'महोत्तरी', 'नगरपालिका', 499),
(2391, 'एकडारा गाउँपालिका', 'Ekdanra Rural Municipality', 'महोत्तरी', 'गाउँपालिका', 499),
(2392, 'सोनमा गाउँपालिका', 'Balwa Municipality', 'महोत्तरी', 'गाउँपालिका', 499),
(2393, 'साम्सी गाउँपालिका', 'Samsi Rural Municipality', 'महोत्तरी', 'गाउँपालिका', 499),
(2394, 'महोत्तरी गाउँपालिका', 'Mahottari Rural Municipality', 'महोत्तरी', 'गाउँपालिका', 499),
(2395, 'पिपरा गाउँपालिका', 'Pipra Rural Municipality', 'महोत्तरी', 'गाउँपालिका', 499),
(2396, 'ईश्वरपुर नगरपालिका', 'Ishworpur Municipality', 'सर्लाही', 'नगरपालिका', 500),
(2397, 'मलंगवा नगरपालिका', 'Malangawa Municipality', 'सर्लाही', 'नगरपालिका', 500),
(2398, 'लालबन्दी नगरपालिका', 'Lalbandi Municipality', 'सर्लाही', 'नगरपालिका', 500),
(2399, 'हरिपुर नगरपालिका', 'Haripur Municipality', 'सर्लाही', 'नगरपालिका', 500),
(2400, 'हरिपुर्वा नगरपालिका', 'Haripurwa Municipality', 'सर्लाही', 'नगरपालिका', 500),
(2401, 'हरिवन नगरपालिका', 'Hariwan Municipality', 'सर्लाही', 'नगरपालिका', 500),
(2402, 'बरहथवा नगरपालिका', 'Barahathawa Municipality', 'सर्लाही', 'नगरपालिका', 500),
(2403, 'बलरा नगरपालिका', 'Balara Municipality', 'सर्लाही', 'नगरपालिका', 500),
(2404, 'गोडैटा नगरपालिका', 'Godaita Municipality', 'सर्लाही', 'नगरपालिका', 500),
(2405, 'बागमती नगरपालिका', 'Bagmati Municipality', 'सर्लाही', 'नगरपालिका', 500),
(2406, 'कविलासी नगरपालिका', 'Kabilasi Municipality', 'सर्लाही', 'नगरपालिका', 500),
(2407, 'चक्रघट्टा गाउँपालिका', 'Chakraghatta Rural Municipality', 'सर्लाही', 'गाउँपालिका', 500),
(2408, 'चन्द्रनगर गाउँपालिका', 'Chandranagar Rural Municipality', 'सर्लाही', 'गाउँपालिका', 500),
(2409, 'धनकौल गाउँपालिका', 'Dhankaul Rural Municipality', 'सर्लाही', 'गाउँपालिका', 500),
(2410, 'ब्रह्मपुरी गाउँपालिका', 'Bramhapuri Rural Municipality', 'सर्लाही', 'गाउँपालिका', 500),
(2411, 'रामनगर गाउँपालिका', 'Ramnagar Rural Municipality', 'सर्लाही', 'गाउँपालिका', 500),
(2412, 'विष्णु गाउँपालिका', 'Bishnu Rural Municipality', 'सर्लाही', 'गाउँपालिका', 500),
(2413, 'कौडेना गाउँपालिका', 'Kaudena Rural Municipality', 'सर्लाही', 'गाउँपालिका', 500),
(2414, 'पर्सा गाउँपालिका', 'Parsa Rural Municipality', 'सर्लाही', 'गाउँपालिका', 500),
(2415, 'बसबरीया गाउँपालिका', 'Basbariya Rural Municipality', 'सर्लाही', 'गाउँपालिका', 500),
(2416, 'चन्द्रपुर नगरपालिका', 'Chandrapur Municipality', 'रौतहट', 'नगरपालिका', 501),
(2417, 'गरुडा नगरपालिका', 'Garuda Municipality', 'रौतहट', 'नगरपालिका', 501),
(2418, 'गौर नगरपालिका', 'Gaur Municipality', 'रौतहट', 'नगरपालिका', 501),
(2419, 'बौधीमाई नगरपालिका', 'Baudhimai Municipality', 'रौतहट', 'नगरपालिका', 501),
(2420, 'बृन्दावन नगरपालिका', 'Brindaban Municipality', 'रौतहट', 'नगरपालिका', 501),
(2421, 'देवाही गोनाही नगरपालिका', 'Dewahhi Gonahi Municipality', 'रौतहट', 'नगरपालिका', 501),
(2422, 'गढीमाई नगरपालिका', 'Gadhimai Municipality', 'रौतहट', 'नगरपालिका', 501),
(2423, 'गुजरा नगरपालिका', 'Gujara Municipality', 'रौतहट', 'नगरपालिका', 501),
(2424, 'कटहरिया नगरपालिका', 'Katahariya Municipality', 'रौतहट', 'नगरपालिका', 501),
(2425, 'माधव नारायण नगरपालिका', 'Madhav Narayan Municipality', 'रौतहट', 'नगरपालिका', 501),
(2426, 'मौलापुर नगरपालिका', 'Maulapur Municipality', 'रौतहट', 'नगरपालिका', 501),
(2427, 'फतुवाबिजयपुर नगरपालिका', 'Phatuwa Bijayapur Municipality', 'रौतहट', 'नगरपालिका', 501),
(2428, 'ईशनाथ नगरपालिका', 'Ishanath Municipality', 'रौतहट', 'नगरपालिका', 501),
(2429, 'परोहा नगरपालिका', 'Paroha Municipality', 'रौतहट', 'नगरपालिका', 501),
(2430, 'राजपुर नगरपालिका', 'Rajpur Municipality', 'रौतहट', 'नगरपालिका', 501),
(2431, 'राजदेवी नगरपालिका', 'Rajdevi Municipality', 'रौतहट', 'नगरपालिका', 501),
(2432, 'दुर्गा भगवती गाउँपालिका', 'Durga Bhagwati Rural Municipality', 'रौतहट', 'गाउँपालिका', 501),
(2433, 'यमुनामाई गाउँपालिका', 'Yemunamai Rural Municipality', 'रौतहट', 'गाउँपालिका', 501),
(2434, 'कलैया उपमहानगरपालिका', 'Kalaiya Sub-Metropolitian City', 'वारा', 'उपमहानगरपालिका', 502),
(2435, 'जीतपुर सिमरा उपमहानगरपालिका', 'Devtal Rural Municipality', 'वारा', 'उपमहानगरपालिका', 502),
(2436, 'कोल्हवी नगरपालिका', 'Kolhabi Municipality', 'वारा', 'नगरपालिका', 502),
(2437, 'निजगढ नगरपालिका', 'Nijgadh Municipality', 'वारा', 'नगरपालिका', 502),
(2438, 'महागढीमाई नगरपालिका', 'Mahagadhimai Municipality', 'वारा', 'नगरपालिका', 502),
(2439, 'सिम्रौनगढ नगरपालिका', 'Simraungadh Municipality', 'वारा', 'नगरपालिका', 502),
(2440, 'पचरौता नगरपालिका', 'Pacharauta Municipality', 'वारा', 'नगरपालिका', 502),
(2441, 'आदर्श कोटवाल गाउँपालिका', 'Adarshkotwal Rural Municipality', 'वारा', 'गाउँपालिका', 502),
(2442, 'करैयामाई गाउँपालिका', 'Karaiyamai Rural Municipality', 'वारा', 'गाउँपालिका', 502),
(2443, 'देवताल गाउँपालिका', 'Jitpur Simara Sub-Metropolitian City', 'वारा', 'गाउँपालिका', 502),
(2444, 'परवानीपुर गाउँपालिका', 'Parwanipur Rural Municipality', 'वारा', 'गाउँपालिका', 502),
(2445, 'प्रसौनी गाउँपालिका', 'Prasauni Rural Municipality', 'वारा', 'गाउँपालिका', 502),
(2446, 'फेटा गाउँपालिका', 'Pheta Rural Municipality', 'वारा', 'गाउँपालिका', 502),
(2447, 'बारागढीगाउँपालिका', 'Baragadhi Rural Municipality', 'वारा', 'गाउँपालिका', 502),
(2448, 'सुवर्ण गाउँपालिका', 'Suwarna Rural Municipality', 'वारा', 'गाउँपालिका', 502),
(2449, 'विश्रामपुर गाउँपालिका', 'Bishrampur Rural Municipality', 'वारा', 'गाउँपालिका', 502),
(2450, 'बिरगंज महानगरपालिका', 'Birgunj Metropolitian City', 'पर्सा', 'महानगरपालिका', 503),
(2451, 'पोखरिया नगरपालिका', 'Pokhariya Municipality', 'पर्सा', 'नगरपालिका', 503),
(2452, 'बहुदरमाई नगरपालिका', 'Bahudaramai Municipality', 'पर्सा', 'नगरपालिका', 503),
(2453, 'पर्सागढी नगरपालिका', 'Parsagadhi Municipality', 'पर्सा', 'नगरपालिका', 503),
(2454, 'ठोरी गाउँपालिका', 'Thori Rural Municipality', 'पर्सा', 'गाउँपालिका', 503),
(2455, 'जगरनाथपुर गाउँपालिका', 'Jagarnathpur Rural Municipality', 'पर्सा', 'गाउँपालिका', 503),
(2456, 'धोबीनी गाउँपालिका', 'Dhobini Rural Municipality', 'पर्सा', 'गाउँपालिका', 503),
(2457, 'छिपहरमाई गाउँपालिका', 'Chhipaharmai Rural Municipality', 'पर्सा', 'गाउँपालिका', 503),
(2458, 'पकाहा मैनपुर गाउँपालिका', 'Pakahamainpur Rural Municipality', 'पर्सा', 'गाउँपालिका', 503),
(2459, 'बिन्दबासिनी गाउँपालिका', 'Bindabasini Rural Municipality', 'पर्सा', 'गाउँपालिका', 503),
(2460, 'सखुवा प्रसौनी गाउँपालिका', 'SakhuwaPrasauni Rural Municipality', 'पर्सा', 'गाउँपालिका', 503),
(2461, 'पटेर्वा सुगौली गाउँपालिका', 'Paterwasugauli Rural Municipality', 'पर्सा', 'गाउँपालिका', 503),
(2462, 'कालिकामाई गाउँपालिका', 'Kalikamai Rural Municipality', 'पर्सा', 'गाउँपालिका', 503),
(2463, 'जिरा भवानी गाउँपालिका', 'Jirabhawani Rural Municipality', 'पर्सा', 'गाउँपालिका', 503),
(2464, 'कमलामाई नगरपालिका', 'Kamalamai Municipality', 'सिन्धुली', 'नगरपालिका', 504),
(2465, 'दुधौली नगरपालिका', 'Dudhouli Municipality', 'सिन्धुली', 'नगरपालिका', 504),
(2466, 'गोलन्जर गाउँपालिका', 'Golanjor Rural Municipality', 'सिन्धुली', 'गाउँपालिका', 504),
(2467, 'घ्याङलेख गाउँपालिका', 'Ghanglekh Rural Municipality', 'सिन्धुली', 'गाउँपालिका', 504),
(2468, 'तीनपाटन गाउँपालिका', 'Tinpatan Rural Municipality', 'सिन्धुली', 'गाउँपालिका', 504),
(2469, 'फिक्कल गाउँपालिका', 'Phikkal Rural Municipality', 'सिन्धुली', 'गाउँपालिका', 504),
(2470, 'मरिण गाउँपालिका', 'Marin Rural Municipality', 'सिन्धुली', 'गाउँपालिका', 504),
(2471, 'सुनकोशी गाउँपालिका', 'Sunkoshi Rural Municipality', 'सिन्धुली', 'गाउँपालिका', 504),
(2472, 'हरिहरपुरगढी गाउँपालिका', 'Hariharpurgadhi Rural Municipality', 'सिन्धुली', 'गाउँपालिका', 504),
(2473, 'मन्थली नगरपालिका', 'Manthali Municipality', 'रामेछाप', 'नगरपालिका', 505),
(2474, 'रामेछाप नगरपालिका', 'Ramechhap Municipality', 'रामेछाप', 'नगरपालिका', 505),
(2475, 'उमाकुण्ड गाउँपालिका', 'Umakunda Rural Municipality', 'रामेछाप', 'गाउँपालिका', 505),
(2476, 'खाँडादेवी गाउँपालिका', 'Khadadevi Rural Municipality', 'रामेछाप', 'गाउँपालिका', 505),
(2477, 'गोकुलगङ्गा गाउँपालिका', 'Gokulganga Rural Municipality', 'रामेछाप', 'गाउँपालिका', 505),
(2478, 'दोरम्बा गाउँपालिका', 'Doramba Rural Municipality', 'रामेछाप', 'गाउँपालिका', 505),
(2479, 'लिखु गाउँपालिका', 'Likhu Tamakoshi Rural Municipality', 'रामेछाप', 'गाउँपालिका', 505),
(2480, 'सुनापती गाउँपालिका', 'Sunapati Rural Municipality', 'रामेछाप', 'गाउँपालिका', 505),
(2481, 'जिरी नगरपालिका', 'Jiri Municipality', 'दोलखा', 'नगरपालिका', 506),
(2482, 'भिमेश्वर नगरपालिका', 'Bhimeshwor Municipality', 'दोलखा', 'नगरपालिका', 506),
(2483, 'कालिन्चोक गाउँपालिका', 'Kalinchok Rural Municipality', 'दोलखा', 'गाउँपालिका', 506),
(2484, 'गौरीशङ्कर गाउँपालिका', 'Gaurishankar Rural Municipality', 'दोलखा', 'गाउँपालिका', 506),
(2485, 'तामाकोशी गाउँपालिका', 'Tamakoshi Rural Municipality', 'दोलखा', 'गाउँपालिका', 506),
(2486, 'मेलुङ्ग गाउँपालिका', 'Melung Rural Municipality', 'दोलखा', 'गाउँपालिका', 506),
(2487, 'विगु गाउँपालिका', 'Bigu Rural Municipality', 'दोलखा', 'गाउँपालिका', 506),
(2488, 'वैतेश्वर गाउँपालिका', 'Baiteshwor Rural Municipality', 'दोलखा', 'गाउँपालिका', 506),
(2489, 'शैलुङ्ग गाउँपालिका', 'Sailung Rural Municipality', 'दोलखा', 'गाउँपालिका', 506),
(2490, 'चौतारा साँगाचोकगढी नगरपालिका', 'Chautara SangachokGadhi Municipality', 'सिन्धुपाल्चोक', 'नगरपालिका', 507),
(2491, 'बाह्रविसे नगरपालिका', 'Barhabise Municipality', 'सिन्धुपाल्चोक', 'नगरपालिका', 507),
(2492, 'मेलम्ची नगरपालिका', 'Melamchi Municipality', 'सिन्धुपाल्चोक', 'नगरपालिका', 507),
(2493, 'ईन्द्रावती गाउँपालिका', 'Indrawati Rural Municipality', 'सिन्धुपाल्चोक', 'गाउँपालिका', 507),
(2494, 'जुगल गाउँपालिका', 'Jugal Rural Municipality', 'सिन्धुपाल्चोक', 'गाउँपालिका', 507),
(2495, 'पाँचपोखरी थाङपाल गाउँपालिका', 'Panchpokhari Thangpal Rural Municipality', 'सिन्धुपाल्चोक', 'गाउँपालिका', 507),
(2496, 'बलेफी गाउँपालिका', 'Balefi Rural Municipality', 'सिन्धुपाल्चोक', 'गाउँपालिका', 507),
(2497, 'भोटेकोशी गाउँपालिका', 'Bhotekoshi Rural Municipality', 'सिन्धुपाल्चोक', 'गाउँपालिका', 507),
(2498, 'लिसङ्खु पाखर गाउँपालिका', 'Lisangkhu Pakhar Rural Municipality', 'सिन्धुपाल्चोक', 'गाउँपालिका', 507),
(2499, 'सुनकोशी गाउँपालिका', 'Sunkoshi Rural Municipality', 'सिन्धुपाल्चोक', 'गाउँपालिका', 507),
(2500, 'हेलम्बु गाउँपालिका', 'Helambu Rural Municipality', 'सिन्धुपाल्चोक', 'गाउँपालिका', 507),
(2501, 'त्रिपुरासुन्दरी गाउँपालिका', 'Tripurasundari Rural Municipality', 'सिन्धुपाल्चोक', 'गाउँपालिका', 507),
(2502, 'धुलिखेल नगरपालिका', 'Dhulikhel Municipality', 'काभ्रेपलान्चोक', 'नगरपालिका', 508),
(2503, 'बनेपा नगरपालिका', 'Banepa Municipality', 'काभ्रेपलान्चोक', 'नगरपालिका', 508),
(2504, 'पनौती नगरपालिका', 'Panauti Municipality', 'काभ्रेपलान्चोक', 'नगरपालिका', 508),
(2505, 'पाँचखाल नगरपालिका', 'Panchkhal Municipality', 'काभ्रेपलान्चोक', 'नगरपालिका', 508),
(2506, 'नमोबुद्ध नगरपालिका', 'Namobuddha Municipality', 'काभ्रेपलान्चोक', 'नगरपालिका', 508),
(2507, 'मण्डनदेउपुर नगरपालिका', 'Mandandeupur Municipality', 'काभ्रेपलान्चोक', 'नगरपालिका', 508),
(2508, 'खानीखोला गाउँपालिका', 'Khanikhola Rural Municipality', 'काभ्रेपलान्चोक', 'गाउँपालिका', 508),
(2509, 'चौंरीदेउराली गाउँपालिका', 'Chaurideurali Rural Municipality', 'काभ्रेपलान्चोक', 'गाउँपालिका', 508),
(2510, 'तेमाल गाउँपालिका', 'Temal Rural Municipality', 'काभ्रेपलान्चोक', 'गाउँपालिका', 508),
(2511, 'बेथानचोक गाउँपालिका', 'Bethanchowk Rural Municipality', 'काभ्रेपलान्चोक', 'गाउँपालिका', 508),
(2512, 'भुम्लु गाउँपालिका', 'Bhumlu Rural Municipality', 'काभ्रेपलान्चोक', 'गाउँपालिका', 508),
(2513, 'महाभारत गाउँपालिका', 'Mahabharat Rural Municipality', 'काभ्रेपलान्चोक', 'गाउँपालिका', 508),
(2514, 'रोशी गाउँपालिका', 'Roshi Rural Municipality', 'काभ्रेपलान्चोक', 'गाउँपालिका', 508),
(2515, 'ललितपुर महानगरपालिका', 'Lalitpur Metropolitian City', 'ललितपुर', 'महानगरपालिका', 509),
(2516, 'गोदावरी नगरपालिका', 'Godawari Municipality', 'ललितपुर', 'नगरपालिका', 509),
(2517, 'महालक्ष्मी नगरपालिका', 'Mahalaxmi Municipality', 'ललितपुर', 'नगरपालिका', 509),
(2518, 'कोन्ज्योसोम गाउँपालिका', 'Konjyosom Rural Municipality', 'ललितपुर', 'गाउँपालिका', 509),
(2519, 'बागमती गाउँपालिका', 'Bagmati Rural Municipality', 'ललितपुर', 'गाउँपालिका', 509),
(2520, 'महाङ्काल गाउँपालिका', 'Mahankal Rural Municipality', 'ललितपुर', 'गाउँपालिका', 509),
(2521, 'चाँगुनारायण नगरपालिका', 'Changunarayan Municipality', 'भक्तपुर', 'नगरपालिका', 510),
(2522, 'भक्तपुर नगरपालिका', 'Bhaktapur Municipality', 'भक्तपुर', 'नगरपालिका', 510),
(2523, 'मध्यपुर थिमी नगरपालिका', 'Madhyapur Thimi Municipality', 'भक्तपुर', 'नगरपालिका', 510),
(2524, 'सूर्यविनायक नगरपालिका', 'Suryabinayak Municipality', 'भक्तपुर', 'नगरपालिका', 510),
(2525, 'काठमाण्डौं महानगरपालिका', 'Kathmandu Metropolitian City', 'काठमाण्डौ', 'महानगरपालिका', 511),
(2526, 'कागेश्वरी मनोहरा नगरपालिका', 'Kageshwori Manahora Municipality', 'काठमाण्डौ', 'नगरपालिका', 511),
(2527, 'कीर्तिपुर नगरपालिका', 'Kirtipur Municipality', 'काठमाण्डौ', 'नगरपालिका', 511),
(2528, 'गोकर्णेश्वर नगरपालिका', 'Gokarneshwor Municipality', 'काठमाण्डौ', 'नगरपालिका', 511),
(2529, 'चन्द्रागिरी नगरपालिका', 'Chandragiri Municipality', 'काठमाण्डौ', 'नगरपालिका', 511),
(2530, 'टोखा नगरपालिका', 'Tokha Municipality', 'काठमाण्डौ', 'नगरपालिका', 511),
(2531, 'तारकेश्वर नगरपालिका', 'Tarakeshwor Municipality', 'काठमाण्डौ', 'नगरपालिका', 511),
(2532, 'दक्षिणकाली नगरपालिका', 'Dakshinkali Municipality', 'काठमाण्डौ', 'नगरपालिका', 511),
(2533, 'नागार्जुन नगरपालिका', 'Nagarjun Municipality', 'काठमाण्डौ', 'नगरपालिका', 511),
(2534, 'बुढानिलकण्ठ नगरपालिका', 'Budhanilakantha Municipality', 'काठमाण्डौ', 'नगरपालिका', 511),
(2535, 'शङ्खरापुर नगरपालिका', 'Shankharapur Municipality', 'काठमाण्डौ', 'नगरपालिका', 511),
(2536, 'विदुर नगरपालिका', 'Bidur Municipality', 'नुवाकोट', 'नगरपालिका', 512),
(2537, 'बेलकोटगढी नगरपालिका', 'Belkotgadhi Municipality', 'नुवाकोट', 'नगरपालिका', 512),
(2538, 'ककनी गाउँपालिका', 'Kakani Rural Municipality', 'नुवाकोट', 'गाउँपालिका', 512),
(2539, 'किस्पाङ गाउँपालिका', 'Kispang Rural Municipality', 'नुवाकोट', 'गाउँपालिका', 512),
(2540, 'तादी गाउँपालिका', 'Tadi Rural Municipality', 'नुवाकोट', 'गाउँपालिका', 512),
(2541, 'तारकेश्वर गाउँपालिका', 'Tarkeshwar Rural Municipality', 'नुवाकोट', 'गाउँपालिका', 512),
(2542, 'दुप्चेश्वर गाउँपालिका', 'Dupcheshwar Rural Municipality', 'नुवाकोट', 'गाउँपालिका', 512),
(2543, 'पञ्चकन्या गाउँपालिका', 'Panchakanya Rural Municipality', 'नुवाकोट', 'गाउँपालिका', 512),
(2544, 'लिखु गाउँपालिका', 'Likhu Rural Municipality', 'नुवाकोट', 'गाउँपालिका', 512),
(2545, 'मेघाङ गाउँपालिका', 'Myagang Rural Municipality', 'नुवाकोट', 'गाउँपालिका', 512),
(2546, 'शिवपुरी गाउँपालिका', 'Shivapuri Rural Municipality', 'नुवाकोट', 'गाउँपालिका', 512),
(2547, 'सुर्यगढी गाउँपालिका', 'Suryagadhi Rural Municipality', 'नुवाकोट', 'गाउँपालिका', 512),
(2548, 'उत्तरगया गाउँपालिका', 'Uttargaya Rural Municipality', 'रसुवा', 'गाउँपालिका', 513),
(2549, 'कालिका गाउँपालिका', 'Kalika Rural Municipality', 'रसुवा', 'गाउँपालिका', 513),
(2550, 'गोसाईकुण्ड गाउँपालिका', 'Gosaikunda Rural Municipality', 'रसुवा', 'गाउँपालिका', 513),
(2551, 'नौकुण्ड गाउँपालिका', 'Naukunda Rural Municipality', 'रसुवा', 'गाउँपालिका', 513),
(2552, 'पार्वतीकुण्ड गाउँपालिका', 'Amachodingmo Rural Municipality', 'रसुवा', 'गाउँपालिका', 513),
(2553, 'धुनिवेशी नगरपालिका', 'Dhunibesi Municipality', 'धादिङ', 'नगरपालिका', 514),
(2554, 'निलकण्ठ नगरपालिका', 'Nilakantha Municipality', 'धादिङ', 'नगरपालिका', 514),
(2555, 'खनियाबास गाउँपालिका', 'Khaniyabash Rural Municipality', 'धादिङ', 'गाउँपालिका', 514),
(2556, 'गजुरी गाउँपालिका', 'Gajuri Rural Municipality', 'धादिङ', 'गाउँपालिका', 514),
(2557, 'गल्छी गाउँपालिका', 'Galchi Rural Municipality', 'धादिङ', 'गाउँपालिका', 514),
(2558, 'गङ्गाजमुना गाउँपालिका', 'Gangajamuna Rural Municipality', 'धादिङ', 'गाउँपालिका', 514),
(2559, 'ज्वालामूखी गाउँपालिका', 'Jwalamukhi Rural Municipality', 'धादिङ', 'गाउँपालिका', 514),
(2560, 'थाक्रे गाउँपालिका', 'Thakre Rural Municipality', 'धादिङ', 'गाउँपालिका', 514),
(2561, 'नेत्रावति गाउँपालिका', 'Netrawati Dabjong Rural Municipality', 'धादिङ', 'गाउँपालिका', 514),
(2562, 'बेनीघाट रोराङ्ग गाउँपालिका', 'Benighat Rorang Rural Municipality', 'धादिङ', 'गाउँपालिका', 514),
(2563, 'रुवी भ्याली गाउँपालिका', 'Rubi Valley Rural Municipality', 'धादिङ', 'गाउँपालिका', 514),
(2564, 'सिद्धलेक गाउँपालिका', 'Siddhalek Rural Municipality', 'धादिङ', 'गाउँपालिका', 514),
(2565, 'त्रिपुरासुन्दरी गाउँपालिका', 'Tripura Sundari Rural Municipality', 'धादिङ', 'गाउँपालिका', 514),
(2566, 'हेटौडा उपमहानगरपालिका', 'Hetauda Sub-Metropolitian City', 'मकवानपुर', 'उपमहानगरपालिका', 515),
(2567, 'थाहा नगरपालिका', 'Thaha Municipality', 'मकवानपुर', 'नगरपालिका', 515),
(2568, 'इन्द्रसरोबर गाउँपालिका', 'Indrasarowar Rural Municipality', 'मकवानपुर', 'गाउँपालिका', 515),
(2569, 'कैलाश गाउँपालिका', 'Kailash Rural Municipality', 'मकवानपुर', 'गाउँपालिका', 515),
(2570, 'बकैया गाउँपालिका', 'Bakaiya Rural Municipality', 'मकवानपुर', 'गाउँपालिका', 515),
(2571, 'बाग्मति गाउँपालिका', 'Bagmati Rural Municipality', 'मकवानपुर', 'गाउँपालिका', 515),
(2572, 'भिमफेदी गाउँपालिका', 'Bhimphedi Rural Municipality', 'मकवानपुर', 'गाउँपालिका', 515),
(2573, 'मकवानपुरगढी गाउँपालिका', 'Makawanpurgadhi Rural Municipality', 'मकवानपुर', 'गाउँपालिका', 515),
(2574, 'मनहरी गाउँपालिका', 'Manahari Rural Municipality', 'मकवानपुर', 'गाउँपालिका', 515),
(2575, 'राक्सिराङ्ग गाउँपालिका', 'Raksirang Rural Municipality', 'मकवानपुर', 'गाउँपालिका', 515),
(2576, 'भरतपुर महानगरपालिका', 'Bharatpur Metropolitian City', 'चितवन', 'महानगरपालिका', 516),
(2577, 'कालिका नगरपालिका', 'Kalika Municipality', 'चितवन', 'नगरपालिका', 516),
(2578, 'खैरहनी नगरपालिका', 'Khairahani Municipality', 'चितवन', 'नगरपालिका', 516),
(2579, 'माडी नगरपालिका', 'Madi Municipality', 'चितवन', 'नगरपालिका', 516),
(2580, 'रत्ननगर नगरपालिका', 'Ratnanagar Municipality', 'चितवन', 'नगरपालिका', 516),
(2581, 'राप्ती नगरपालिका', 'Rapti Municipality', 'चितवन', 'नगरपालिका', 516),
(2582, 'इच्छाकामना गाउँपालिका', 'Ichchhyakamana Rural Municipality', 'चितवन', 'गाउँपालिका', 516),
(2583, 'गोरखा नगरपालिका', 'Gorkha Municipality', 'गोरखा', 'नगरपालिका', 517),
(2584, 'पालुङटार नगरपालिका', 'Palungtar Municipality', 'गोरखा', 'नगरपालिका', 517),
(2585, 'सुलीकोट गाउँपालिका', 'Barpak Sulikot Rural Municipality', 'गोरखा', 'गाउँपालिका', 517),
(2586, 'सिरानचोक गाउँपालिका', 'Siranchok Rural Municipality', 'गोरखा', 'गाउँपालिका', 517),
(2587, 'अजिरकोट गाउँपालिका', 'Ajirkot Rural Municipality', 'गोरखा', 'गाउँपालिका', 517),
(2588, 'आरूघाट गाउँपालिका', 'Aarughat Rural Municipality', 'गोरखा', 'गाउँपालिका', 517),
(2589, 'गण्डकी गाउँपालिका', 'Gandaki Rural Municipality', 'गोरखा', 'गाउँपालिका', 517),
(2590, 'चुमनुव्री गाउँपालिका', 'Chum Nubri Rural Municipality', 'गोरखा', 'गाउँपालिका', 517),
(2591, 'धार्चे गाउँपालिका', 'Dharche Rural Municipality', 'गोरखा', 'गाउँपालिका', 517),
(2592, 'भिमसेन गाउँपालिका', 'Bhimsenthapa Rural Municipality', 'गोरखा', 'गाउँपालिका', 517),
(2593, 'शहिद लखन गाउँपालिका', 'Sahid Lakhan Rural Municipality', 'गोरखा', 'गाउँपालिका', 517),
(2594, 'बेसीशहर नगरपालिका', 'Besishahar Municipality', 'लमजुङ', 'नगरपालिका', 518),
(2595, 'मध्यनेपाल नगरपालिका', 'MadhyaNepal Municipality', 'लमजुङ', 'नगरपालिका', 518),
(2596, 'रार्इनास नगरपालिका', 'Rainas Municipality', 'लमजुङ', 'नगरपालिका', 518),
(2597, 'सुन्दरबजार नगरपालिका', 'Sundarbazar Municipality', 'लमजुङ', 'नगरपालिका', 518),
(2598, 'क्व्होलासोथार गाउँपालिका', 'Kwholasothar Rural Municipality', 'लमजुङ', 'गाउँपालिका', 518),
(2599, 'दूधपोखरी गाउँपालिका', 'Dudhpokhari Rural Municipality', 'लमजुङ', 'गाउँपालिका', 518),
(2600, 'दोर्दी गाउँपालिका', 'Dordi Rural Municipality', 'लमजुङ', 'गाउँपालिका', 518),
(2601, 'मर्स्याङदी गाउँपालिका', 'Marsyangdi Rural Municipality', 'लमजुङ', 'गाउँपालिका', 518),
(2602, 'भानु नगरपालिका', 'Bhanu Municipality', 'तनहुँ', 'नगरपालिका', 519),
(2603, 'भिमाद नगरपालिका', 'Bhimad Municipality', 'तनहुँ', 'नगरपालिका', 519),
(2604, 'व्यास नगरपालिका', 'Byas Municipality', 'तनहुँ', 'नगरपालिका', 519),
(2605, 'शुक्लागण्डकी नगरपालिका', 'Shuklagandaki Municipality', 'तनहुँ', 'नगरपालिका', 519),
(2606, 'आँबुखैरेनी गाउँपालिका', 'Anbukhaireni Rural Municipality', 'तनहुँ', 'गाउँपालिका', 519),
(2607, 'ऋषिङ्ग गाउँपालिका', 'Rhishing Rural Municipality', 'तनहुँ', 'गाउँपालिका', 519),
(2608, 'घिरिङ गाउँपालिका', 'Ghiring Rural Municipality', 'तनहुँ', 'गाउँपालिका', 519),
(2609, 'देवघाट गाउँपालिका', 'Devghat Rural Municipality', 'तनहुँ', 'गाउँपालिका', 519),
(2610, 'म्याग्दे गाउँपालिका', 'Myagde Rural Municipality', 'तनहुँ', 'गाउँपालिका', 519),
(2611, 'वन्दिपुर गाउँपालिका', 'Bandipur Rural Municipality', 'तनहुँ', 'गाउँपालिका', 519),
(2612, 'गल्याङ नगरपालिका', 'Galyang Municipality', 'स्याङजा', 'नगरपालिका', 520),
(2613, 'चापाकोट नगरपालिका', 'Chapakot Municipality', 'स्याङजा', 'नगरपालिका', 520),
(2614, 'पुतलीबजार नगरपालिका', 'Putalibazar Municipality', 'स्याङजा', 'नगरपालिका', 520),
(2615, 'भीरकोट नगरपालिका', 'Bhirkot Municipality', 'स्याङजा', 'नगरपालिका', 520),
(2616, 'वालिङ नगरपालिका', 'Waling Municipality', 'स्याङजा', 'नगरपालिका', 520),
(2617, 'अर्जुनचौपारी गाउँपालिका', 'Arjunchaupari Rural Municipality', 'स्याङजा', 'गाउँपालिका', 520),
(2618, 'आँधिखोला गाउँपालिका', 'Aandhikhola Rural Municipality', 'स्याङजा', 'गाउँपालिका', 520),
(2619, 'कालीगण्डकी गाउँपालिका', 'Kaligandagi Rural Municipality', 'स्याङजा', 'गाउँपालिका', 520),
(2620, 'फेदीखोला गाउँपालिका', 'Phedikhola Rural Municipality', 'स्याङजा', 'गाउँपालिका', 520),
(2621, 'बिरुवा गाउँपालिका', 'Biruwa Rural Municipality', 'स्याङजा', 'गाउँपालिका', 520),
(2622, 'हरिनास गाउँपालिका', 'Harinas Rural Municipality', 'स्याङजा', 'गाउँपालिका', 520),
(2623, 'पोखरा लेखनाथ महानगरपालिका', 'Pokhara Metropolitian City', 'कास्की', 'महानगरपालिका', 521),
(2624, 'अन्नपूर्ण गाउँपालिका', 'Annapurna Rural Municipality', 'कास्की', 'गाउँपालिका', 521),
(2625, 'माछापुच्छ्रे गाउँपालिका', 'Machhapuchchhre Rural Municipality', 'कास्की', 'गाउँपालिका', 521),
(2626, 'मादी गाउँपालिका', 'Madi Rural Municipality', 'कास्की', 'गाउँपालिका', 521),
(2627, 'रूपा गाउँपालिका', 'Rupa Rural Municipality', 'कास्की', 'गाउँपालिका', 521),
(2628, 'चामे गाउँपालिका', 'Chame Rural Municipality', 'मनाङ', 'गाउँपालिका', 0),
(2629, 'नारफू गाउँपालिका', 'Narpa Bhumi Rural Municipality', 'मनाङ', 'गाउँपालिका', 0),
(2630, 'नाशोङ गाउँपालिका', 'Narshon Rural Municipality', 'मनाङ', 'गाउँपालिका', 0),
(2631, 'नेस्याङ गाउँपालिका', 'Manang Ingshyang Rural Municipality', 'मनाङ', 'गाउँपालिका', 0),
(2632, 'घरपझोङ गाउँपालिका', 'Gharapjhong Rural Municipality', 'मुस्ताङ', 'गाउँपालिका', 522),
(2633, 'थासाङ गाउँपालिका', 'Thasang Rural Municipality', 'मुस्ताङ', 'गाउँपालिका', 522),
(2634, 'दालोमे गाउँपालिका', 'Lo-Ghekar Damodarkunda Rural Municipality', 'मुस्ताङ', 'गाउँपालिका', 522),
(2635, 'लोमन्थाङ गाउँपालिका', 'Lomanthang Rural Municipality', 'मुस्ताङ', 'गाउँपालिका', 522),
(2636, 'वाह्रगाउँ मुक्तिक्षेत्र गाउँपालिका', 'Waragung Muktikhsetra Rural Municipality', 'मुस्ताङ', 'गाउँपालिका', 522),
(2637, 'बेनी नगरपालिका', 'Beni Municipality', 'म्याग्दी', 'नगरपालिका', 523),
(2638, 'अन्नपूर्ण गाउँपालिका', 'Annapurna Rural Municipality', 'म्याग्दी', 'गाउँपालिका', 523),
(2639, 'धवलागिरी गाउँपालिका', 'Dhaulagiri Rural Municipality', 'म्याग्दी', 'गाउँपालिका', 523),
(2640, 'मंगला गाउँपालिका', 'Mangala Rural Municipality', 'म्याग्दी', 'गाउँपालिका', 523),
(2641, 'मालिका गाउँपालिका', 'Malika Rural Municipality', 'म्याग्दी', 'गाउँपालिका', 523),
(2642, 'रघुगंगा गाउँपालिका', 'Raghuganga Rural Municipality', 'म्याग्दी', 'गाउँपालिका', 523),
(2643, 'कुश्मा नगरपालिका', 'Kushma Municipality', 'पर्वत', 'नगरपालिका', 524),
(2644, 'फलेवास नगरपालिका', 'Phalebas Municipality', 'पर्वत', 'नगरपालिका', 524),
(2645, 'जलजला गाउँपालिका', 'Jaljala Rural Municipality', 'पर्वत', 'गाउँपालिका', 524),
(2646, 'पैयूं गाउँपालिका', 'Painyu Rural Municipality', 'पर्वत', 'गाउँपालिका', 524),
(2647, 'महाशिला गाउँपालिका', 'Mahashila Rural Municipality', 'पर्वत', 'गाउँपालिका', 524),
(2648, 'मोदी गाउँपालिका', 'Modi Rural Municipality', 'पर्वत', 'गाउँपालिका', 524),
(2649, 'विहादी गाउँपालिका', 'Bihadi Rural Municipality', 'पर्वत', 'गाउँपालिका', 524),
(2650, 'बागलुङ नगरपालिका', 'Baglung Municipality', 'वाग्लुङ', 'नगरपालिका', 525),
(2651, 'गल्कोट नगरपालिका', 'Galkot Municipality', 'वाग्लुङ', 'नगरपालिका', 525),
(2652, 'जैमूनी नगरपालिका', 'Jaimuni Municipality', 'वाग्लुङ', 'नगरपालिका', 525),
(2653, 'ढोरपाटन नगरपालिका', 'Dhorpatan Municipality', 'वाग्लुङ', 'नगरपालिका', 525),
(2654, 'वरेङ गाउँपालिका', 'Bareng Rural Municipality', 'वाग्लुङ', 'गाउँपालिका', 525),
(2655, 'काठेखोला गाउँपालिका', 'Kanthekhola Rural Municipality', 'वाग्लुङ', 'गाउँपालिका', 525),
(2656, 'तमानखोला गाउँपालिका', 'Taman Khola Rural Municipality', 'वाग्लुङ', 'गाउँपालिका', 525),
(2657, 'ताराखोला गाउँपालिका', 'Tara Khola Rural Municipality', 'वाग्लुङ', 'गाउँपालिका', 525),
(2658, 'निसीखोला गाउँपालिका', 'Nisikhola Rural Municipality', 'वाग्लुङ', 'गाउँपालिका', 525),
(2659, 'वडिगाड गाउँपालिका', 'Badigad Rural Municipality', 'वाग्लुङ', 'गाउँपालिका', 525),
(2660, 'कावासोती नगरपालिका', 'Kawasoti Municipality', 'नवलपरासी (बर्दघाट सुस्ता पूर्व)', 'नगरपालिका', 526),
(2661, 'गैडाकोट नगरपालिका', 'Gaidakot Municipality', 'नवलपरासी (बर्दघाट सुस्ता पूर्व)', 'नगरपालिका', 526),
(2662, 'देवचुली नगरपालिका', 'Devchuli Municipality', 'नवलपरासी (बर्दघाट सुस्ता पूर्व)', 'नगरपालिका', 526),
(2663, 'मध्यविन्दु नगरपालिका', 'Madhyabindu Municipality', 'नवलपरासी (बर्दघाट सुस्ता पूर्व)', 'नगरपालिका', 526),
(2664, 'बुङ्दीकाली गाउँपालिका', 'Baudeekali Rural Municipality', 'नवलपरासी (बर्दघाट सुस्ता पूर्व)', 'गाउँपालिका', 526),
(2665, 'बुलिङटार गाउँपालिका', 'Bulingtar Rural Municipality', 'नवलपरासी (बर्दघाट सुस्ता पूर्व)', 'गाउँपालिका', 526),
(2666, 'विनयी त्रिवेणी गाउँपालिका', 'Binayee Tribeni Rural Municipality', 'नवलपरासी (बर्दघाट सुस्ता पूर्व)', 'गाउँपालिका', 526),
(2667, 'हुप्सेकोट गाउँपालिका', 'Hupsekot Rural Municipality', 'नवलपरासी (बर्दघाट सुस्ता पूर्व)', 'गाउँपालिका', 526),
(2668, 'मुसिकोट नगरपालिका', 'Musikot Municipality', 'गुल्मी', 'नगरपालिका', 527),
(2669, 'रेसुङ्गा नगरपालिका', 'Resunga Municipality', 'गुल्मी', 'नगरपालिका', 527),
(2670, 'ईस्मा गाउँपालिका', 'Isma Rural Municipality', 'गुल्मी', 'गाउँपालिका', 527),
(2671, 'कालीगण्डकी गाउँपालिका', 'Kaligandaki Rural Municipality', 'गुल्मी', 'गाउँपालिका', 527),
(2672, 'गुल्मी दरबार गाउँपालिका', 'Gulmidarbar Rural Municipality', 'गुल्मी', 'गाउँपालिका', 527),
(2673, 'सत्यवती गाउँपालिका', 'Satyawati Rural Municipality', 'गुल्मी', 'गाउँपालिका', 527),
(2674, 'चन्द्रकोट गाउँपालिका', 'Chandrakot Rural Municipality', 'गुल्मी', 'गाउँपालिका', 527),
(2675, 'रुरु गाउँपालिका', 'Ruru Rural Municipality', 'गुल्मी', 'गाउँपालिका', 527),
(2676, 'छत्रकोट गाउँपालिका', 'Chatrakot Rural Municipality', 'गुल्मी', 'गाउँपालिका', 527),
(2677, 'धुर्कोट गाउँपालिका', 'Dhurkot Rural Municipality', 'गुल्मी', 'गाउँपालिका', 527),
(2678, 'मदाने गाउँपालिका', 'Madane Rural Municipality', 'गुल्मी', 'गाउँपालिका', 527),
(2679, 'मालिका गाउँपालिका', 'Malika Rural Municipality', 'गुल्मी', 'गाउँपालिका', 527),
(2680, 'रामपुर नगरपालिका', 'Rampur Municipality', 'पाल्पा', 'नगरपालिका', 528),
(2681, 'तानसेन नगरपालिका', 'Tansen Municipality', 'पाल्पा', 'नगरपालिका', 528),
(2682, 'निस्दी गाउँपालिका', 'Nisdi Rural Municipality', 'पाल्पा', 'गाउँपालिका', 528),
(2683, 'पूर्वखोला गाउँपालिका', 'Purbakhola Rural Municipality', 'पाल्पा', 'गाउँपालिका', 528),
(2684, 'रम्भा गाउँपालिका', 'Rambha Rural Municipality', 'पाल्पा', 'गाउँपालिका', 528),
(2685, 'माथागढी गाउँपालिका', 'Mathagadhi Rural Municipality', 'पाल्पा', 'गाउँपालिका', 528),
(2686, 'तिनाउ गाउँपालिका', 'Tinau Rural Municipality', 'पाल्पा', 'गाउँपालिका', 528),
(2687, 'बगनासकाली गाउँपालिका', 'Bagnaskali Rural Municipality', 'पाल्पा', 'गाउँपालिका', 528),
(2688, 'रिब्दिकोट गाउँपालिका', 'Ribdikot Rural Municipality', 'पाल्पा', 'गाउँपालिका', 528),
(2689, 'रैनादेवी छहरा गाउँपालिका', 'Rainadevi Chhahara Rural Municipality', 'पाल्पा', 'गाउँपालिका', 528),
(2690, 'बुटवल उपमहानगरपालिका', 'Butwal Sub-Metropolitian City', 'रुपन्देही', 'उपमहानगरपालिका', 529),
(2691, 'देवदह नगरपालिका', 'Devdaha Municipality', 'रुपन्देही', 'नगरपालिका', 529),
(2692, 'लुम्बिनी सांस्कृतिक नगरपालिका', 'Lumbini Sanskritik Municipality', 'रुपन्देही', 'नगरपालिका', 529),
(2693, 'सैनामैना नगरपालिका', 'Sainamaina Municipality', 'रुपन्देही', 'नगरपालिका', 529),
(2694, 'सिद्धार्थनगर नगरपालिका', 'Siddharthanagar Municipality', 'रुपन्देही', 'नगरपालिका', 529),
(2695, 'तिलोत्तमा नगरपालिका', 'Tillotama Municipality', 'रुपन्देही', 'नगरपालिका', 529),
(2696, 'गैडहवा गाउँपालिका', 'Gaidahawa Rural Municipality', 'रुपन्देही', 'गाउँपालिका', 529),
(2697, 'कन्चन गाउँपालिका', 'Kanchan Rural Municipality', 'रुपन्देही', 'गाउँपालिका', 529),
(2698, 'कोटहीमाई गाउँपालिका', 'Kotahimai Rural Municipality', 'रुपन्देही', 'गाउँपालिका', 529),
(2699, 'मर्चवारी गाउँपालिका', 'Marchawari Rural Municipality', 'रुपन्देही', 'गाउँपालिका', 529),
(2700, 'मायादेवी गाउँपालिका', 'Mayadevi Rural Municipality', 'रुपन्देही', 'गाउँपालिका', 529),
(2701, 'ओमसतिया गाउँपालिका', 'Omsatiya Rural Municipality', 'रुपन्देही', 'गाउँपालिका', 529),
(2702, 'रोहिणी गाउँपालिका', 'Rohini Rural Municipality', 'रुपन्देही', 'गाउँपालिका', 529),
(2703, 'सम्मरीमाई गाउँपालिका', 'Sammarimai Rural Municipality', 'रुपन्देही', 'गाउँपालिका', 529),
(2704, 'सियारी गाउँपालिका', 'Siyari Rural Municipality', 'रुपन्देही', 'गाउँपालिका', 529),
(2705, 'शुद्धोधन गाउँपालिका', 'Sudhdhodhan Rural Municipality', 'रुपन्देही', 'गाउँपालिका', 529),
(2706, 'कपिलवस्तु नगरपालिका', 'Kapilbastu Municipality', 'कपिलबस्तु', 'नगरपालिका', 530),
(2707, 'बुद्धभूमी नगरपालिका', 'Buddhabhumi Municipality', 'कपिलबस्तु', 'नगरपालिका', 530),
(2708, 'शिवराज नगरपालिका', 'Shivaraj Municipality', 'कपिलबस्तु', 'नगरपालिका', 530),
(2709, 'महाराजगंज नगरपालिका', 'Maharajgunj Municipality', 'कपिलबस्तु', 'नगरपालिका', 530),
(2710, 'कृष्णनगर नगरपालिका', 'Krishnanagar Municipality', 'कपिलबस्तु', 'नगरपालिका', 530),
(2711, 'बाणगंगा नगरपालिका', 'Banganga Municipality', 'कपिलबस्तु', 'नगरपालिका', 530),
(2712, 'मायादेवी गाउँपालिका', 'Mayadevi Rural Municipality', 'कपिलबस्तु', 'गाउँपालिका', 530),
(2713, 'यसोधरा गाउँपालिका', 'Yashodhara Rural Municipality', 'कपिलबस्तु', 'गाउँपालिका', 530),
(2714, 'सुद्धोधन गाउँपालिका', 'Suddhodhan Rural Municipality', 'कपिलबस्तु', 'गाउँपालिका', 530),
(2715, 'विजयनगर गाउँपालिका', 'Bijayanagar Rural Municipality', 'कपिलबस्तु', 'गाउँपालिका', 530),
(2716, 'सन्धिखर्क नगरपालिका', 'Sandhikharka Municipality', 'अर्घाखाँची', 'नगरपालिका', 531),
(2717, 'शितगंगा नगरपालिका', 'Sitganga Municipality', 'अर्घाखाँची', 'नगरपालिका', 531),
(2718, 'भूमिकास्थान नगरपालिका', 'Bhumekasthan Municipality', 'अर्घाखाँची', 'नगरपालिका', 531),
(2719, 'छत्रदेव गाउँपालिका', 'Chhatradev Rural Municipality', 'अर्घाखाँची', 'गाउँपालिका', 531),
(2720, 'पाणिनी गाउँपालिका', 'Panini Rural Municipality', 'अर्घाखाँची', 'गाउँपालिका', 531),
(2721, 'मालारानी गाउँपालिका', 'Malarani Rural Municipality', 'अर्घाखाँची', 'गाउँपालिका', 531),
(2722, 'प्यूठान नगरपालिका', 'Pyuthan Municipality', 'प्यूठान', 'नगरपालिका', 532),
(2723, 'स्वर्गद्वारी नगरपालिका', 'Sworgadwary Municipality', 'प्यूठान', 'नगरपालिका', 532),
(2724, 'गौमुखी गाउँपालिका', 'Gaumukhi Rural Municipality', 'प्यूठान', 'गाउँपालिका', 532),
(2725, 'माण्डवी गाउँपालिका', 'Mandavi Rural Municipality', 'प्यूठान', 'गाउँपालिका', 532),
(2726, 'सरुमारानी गाउँपालिका', 'Sarumarani Rural Municipality', 'प्यूठान', 'गाउँपालिका', 532),
(2727, 'मल्लरानी गाउँपालिका', 'Mallarani Rural Municipality', 'प्यूठान', 'गाउँपालिका', 532),
(2728, 'नौवहिनी गाउँपालिका', 'Naubahini Rural Municipality', 'प्यूठान', 'गाउँपालिका', 532),
(2729, 'झिमरुक गाउँपालिका', 'Jhimruk Rural Municipality', 'प्यूठान', 'गाउँपालिका', 532),
(2730, 'ऐरावती गाउँपालिका', 'Ayirabati Rural Municipality', 'प्यूठान', 'गाउँपालिका', 532),
(2731, 'रोल्पा नगरपालिका', 'Rolpa Municipality', 'रोल्पा', 'नगरपालिका', 533),
(2732, 'त्रिवेणी गाउँपालिका', 'Tribeni Rural Municipality', 'रोल्पा', 'गाउँपालिका', 533),
(2733, 'दुईखोली गाउँपालिका', 'Pariwartan Rural Municipality', 'रोल्पा', 'गाउँपालिका', 533),
(2734, 'माडी गाउँपालिका', 'Madi Rural Municipality', 'रोल्पा', 'गाउँपालिका', 533),
(2735, 'रुन्टीगढी गाउँपालिका', 'Runtigadi Rural Municipality', 'रोल्पा', 'गाउँपालिका', 533),
(2736, 'लुङग्री गाउँपालिका', 'Lungri Rural Municipality', 'रोल्पा', 'गाउँपालिका', 533),
(2737, 'सुकिदह गाउँपालिका', 'Gangadev Rural Municipality', 'रोल्पा', 'गाउँपालिका', 533),
(2738, 'सुनछहरी गाउँपालिका', 'Sunchhahari Rural Municipality', 'रोल्पा', 'गाउँपालिका', 533),
(2739, 'सुवर्णावती गाउँपालिका', 'Sunil Smriti Rural Municipality', 'रोल्पा', 'गाउँपालिका', 533),
(2740, 'थवाङ गाउँपालिका', 'Thawang Rural Municipality', 'रोल्पा', 'गाउँपालिका', 533),
(2741, 'पुथा उत्तरगंगा गाउँपालिका', 'Putha Uttarganga Rural Municipality', 'रुकुम (पूर्वी भाग)', 'गाउँपालिका', 534),
(2742, 'भूमे गाउँपालिका', 'Bhume Rural Municipality', 'रुकुम (पूर्वी भाग)', 'गाउँपालिका', 534),
(2743, 'सिस्ने गाउँपालिका', 'Sisne Rural Municipality', 'रुकुम (पूर्वी भाग)', 'गाउँपालिका', 534),
(2744, 'तुल्सीपुर उपमहानगरपालिका', 'Tulsipur Sub-Metropolitian City', 'दाङ', 'उपमहानगरपालिका', 535),
(2745, 'घोराही उपमहानगरपालिका', 'Ghorahi Sub-Metropolitian City', 'दाङ', 'उपमहानगरपालिका', 535),
(2746, 'लमही नगरपालिका', 'Lamahi Municipality', 'दाङ', 'नगरपालिका', 535),
(2747, 'बंगलाचुली गाउँपालिका', 'Banglachuli Rural Municipality', 'दाङ', 'गाउँपालिका', 535),
(2748, 'दंगीशरण गाउँपालिका', 'Dangisharan Rural Municipality', 'दाङ', 'गाउँपालिका', 535),
(2749, 'गढवा गाउँपालिका', 'Gadhawa Rural Municipality', 'दाङ', 'गाउँपालिका', 535),
(2750, 'राजपुर गाउँपालिका', 'Rajpur Rural Municipality', 'दाङ', 'गाउँपालिका', 535),
(2751, 'राप्ती गाउँपालिका', 'Rapti Rural Municipality', 'दाङ', 'गाउँपालिका', 535),
(2752, 'शान्तिनगर गाउँपालिका', 'Shantinagar Rural Municipality', 'दाङ', 'गाउँपालिका', 535),
(2753, 'बबई गाउँपालिका', 'Babai Rural Municipality', 'दाङ', 'गाउँपालिका', 535),
(2754, 'नेपालगंज उपमहानगरपालिका', 'Nepalgunj Sub-Metropolitian City', 'बाँके', 'उपमहानगरपालिका', 536),
(2755, 'कोहलपुर नगरपालिका', 'Kohalpur Municipality', 'बाँके', 'नगरपालिका', 536);
INSERT INTO `settings_vdc_municipality` (`id`, `name`, `english_name`, `district`, `type`, `district_id`) VALUES
(2756, 'नरैनापुर गाउँपालिका', 'Narainapur Rural Municipality', 'बाँके', 'गाउँपालिका', 536),
(2757, 'राप्तीसोनारी गाउँपालिका', 'Rapti Sonari Rural Municipality', 'बाँके', 'गाउँपालिका', 536),
(2758, 'बैजनाथ गाउँपालिका', 'Baijanath Rural Municipality', 'बाँके', 'गाउँपालिका', 536),
(2759, 'खजुरा गाउँपालिका', 'Khajura Rural Municipality', 'बाँके', 'गाउँपालिका', 536),
(2760, 'डुडुवा गाउँपालिका', 'Duduwa Rural Municipality', 'बाँके', 'गाउँपालिका', 536),
(2761, 'जानकी गाउँपालिका', 'Janki Rural Municipality', 'बाँके', 'गाउँपालिका', 536),
(2762, 'गुलरिया नगरपालिका', 'Gulariya Municipality', 'बर्दिया', 'नगरपालिका', 537),
(2763, 'मधुवन नगरपालिका', 'Madhuwan Municipality', 'बर्दिया', 'नगरपालिका', 537),
(2764, 'राजापुर नगरपालिका', 'Rajapur Municipality', 'बर्दिया', 'नगरपालिका', 537),
(2765, 'ठाकुरबाबा नगरपालिका', 'Thakurbaba Municipality', 'बर्दिया', 'नगरपालिका', 537),
(2766, 'बाँसगढी नगरपालिका', 'Bansagadhi Municipality', 'बर्दिया', 'नगरपालिका', 537),
(2767, 'बारबर्दिया नगरपालिका', 'Barbardiya Municipality', 'बर्दिया', 'नगरपालिका', 537),
(2768, 'बढैयाताल गाउँपालिका', 'Badhaiyatal Rural Municipality', 'बर्दिया', 'गाउँपालिका', 537),
(2769, 'गेरुवा गाउँपालिका', 'Geruwa Rural Municipality', 'बर्दिया', 'गाउँपालिका', 537),
(2770, 'बर्दघाट नगरपालिका', 'Bardaghat Municipality', 'नवलपरासी (बर्दघाट सुस्ता पश्चिम)', 'नगरपालिका', 538),
(2771, 'रामग्राम नगरपालिका', 'Ramgram Municipality', 'नवलपरासी (बर्दघाट सुस्ता पश्चिम)', 'नगरपालिका', 538),
(2772, 'सुनवल नगरपालिका', 'Sunwal Municipality', 'नवलपरासी (बर्दघाट सुस्ता पश्चिम)', 'नगरपालिका', 538),
(2773, 'सुस्ता गाउँपालिका', 'Susta Rural Municipality', 'नवलपरासी (बर्दघाट सुस्ता पश्चिम)', 'गाउँपालिका', 538),
(2774, 'पाल्हीनन्दन गाउँपालिका', 'Palhi Nandan Rural Municipality', 'नवलपरासी (बर्दघाट सुस्ता पश्चिम)', 'गाउँपालिका', 538),
(2775, 'प्रतापपुर गाउँपालिका', 'Pratappur Rural Municipality', 'नवलपरासी (बर्दघाट सुस्ता पश्चिम)', 'गाउँपालिका', 538),
(2776, 'सरावल गाउँपालिका', 'Sarawal Rural Municipality', 'नवलपरासी (बर्दघाट सुस्ता पश्चिम)', 'गाउँपालिका', 538),
(2777, 'मुसिकोट नगरपालिका', 'Musikot Municipality', 'रुकुम (पश्चिम भाग)', 'नगरपालिका', 539),
(2778, 'चौरजहारी नगरपालिका', 'Chaurjahari Municipality', 'रुकुम (पश्चिम भाग)', 'नगरपालिका', 539),
(2779, 'आठबिसकोट नगरपालिका', 'Aathbiskot Municipality', 'रुकुम (पश्चिम भाग)', 'नगरपालिका', 539),
(2780, 'बाँफिकोट गाउँपालिका', 'Banfikot Rural Municipality', 'रुकुम (पश्चिम भाग)', 'गाउँपालिका', 539),
(2781, 'त्रिवेणी गाउँपालिका', 'Tribeni Rural Municipality', 'रुकुम (पश्चिम भाग)', 'गाउँपालिका', 539),
(2782, 'सानी भेरी गाउँपालिका', 'Sani Bheri Rural Municipality', 'रुकुम (पश्चिम भाग)', 'गाउँपालिका', 539),
(2783, 'शारदा नगरपालिका', 'Sharada Municipality', 'सल्यान', 'नगरपालिका', 540),
(2784, 'बागचौर नगरपालिका', 'Bagchaur Municipality', 'सल्यान', 'नगरपालिका', 540),
(2785, 'बनगाड कुपिण्डे नगरपालिका', 'Bangad Kupinde Municipality', 'सल्यान', 'नगरपालिका', 540),
(2786, 'कालिमाटी गाउँपालिका', 'Kalimati Rural Municipality', 'सल्यान', 'गाउँपालिका', 540),
(2787, 'त्रिवेणी गाउँपालिका', 'Tribeni Rural Municipality', 'सल्यान', 'गाउँपालिका', 540),
(2788, 'कपुरकोट गाउँपालिका', 'Kapurkot Rural Municipality', 'सल्यान', 'गाउँपालिका', 540),
(2789, 'छत्रेश्वरी गाउँपालिका', 'Chhatreshwori Rural Municipality', 'सल्यान', 'गाउँपालिका', 540),
(2790, 'ढोरचौर गाउँपालिका', 'Siddha Kumakh Rural Municipality', 'सल्यान', 'गाउँपालिका', 540),
(2791, 'कुमाखमालिका गाउँपालिका', 'Kumakh Rural Municipality', 'सल्यान', 'गाउँपालिका', 540),
(2792, 'दार्मा गाउँपालिका', 'Darma Rural Municipality', 'सल्यान', 'गाउँपालिका', 540),
(2793, 'बीरेन्द्रनगर नगरपालिका', 'Birendranagar Municipality', 'सुर्खेत', 'नगरपालिका', 541),
(2794, 'भेरीगंगा नगरपालिका', 'Bheriganga Municipality', 'सुर्खेत', 'नगरपालिका', 541),
(2795, 'गुर्भाकोट नगरपालिका', 'Gurbhakot Municipality', 'सुर्खेत', 'नगरपालिका', 541),
(2796, 'पञ्चपुरी नगरपालिका', 'Panchpuri Municipality', 'सुर्खेत', 'नगरपालिका', 541),
(2797, 'लेकवेशी नगरपालिका', 'Lekbeshi Municipality', 'सुर्खेत', 'नगरपालिका', 541),
(2798, 'चौकुने गाउँपालिका', 'Chaukune Rural Municipality', 'सुर्खेत', 'गाउँपालिका', 541),
(2799, 'बराहताल गाउँपालिका', 'Barahtal Rural Municipality', 'सुर्खेत', 'गाउँपालिका', 541),
(2800, 'चिङ्गाड गाउँपालिका', 'Chingad Rural Municipality', 'सुर्खेत', 'गाउँपालिका', 541),
(2801, 'सिम्ता गाउँपालिका', 'Simta Rural Municipality', 'सुर्खेत', 'गाउँपालिका', 541),
(2802, 'नारायण नगरपालिका', 'Narayan Municipality', 'दैलेख', 'नगरपालिका', 542),
(2803, 'दुल्लु नगरपालिका', 'Dullu Municipality', 'दैलेख', 'नगरपालिका', 542),
(2804, 'चामुण्डा विन्द्रासैनी नगरपालिका', 'Chamunda Bindrasaini Municipality', 'दैलेख', 'नगरपालिका', 542),
(2805, 'आठबीस नगरपालिका', 'Aathabis Municipality', 'दैलेख', 'नगरपालिका', 542),
(2806, 'भगवतीमाई गाउँपालिका', 'Bhagawatimai Rural Municipality', 'दैलेख', 'गाउँपालिका', 542),
(2807, 'गुराँस गाउँपालिका', 'Gurans Rural Municipality', 'दैलेख', 'गाउँपालिका', 542),
(2808, 'डुंगेश्वर गाउँपालिका', 'Dungeshwor Rural Municipality', 'दैलेख', 'गाउँपालिका', 542),
(2809, 'नौमुले गाउँपालिका', 'Naumule Rural Municipality', 'दैलेख', 'गाउँपालिका', 542),
(2810, 'महावु गाउँपालिका', 'Mahabu Rural Municipality', 'दैलेख', 'गाउँपालिका', 542),
(2811, 'भैरवी गाउँपालिका', 'Bhairabi Rural Municipality', 'दैलेख', 'गाउँपालिका', 542),
(2812, 'ठाँटीकाँध गाउँपालिका', 'Thantikandh Rural Municipality', 'दैलेख', 'गाउँपालिका', 542),
(2813, 'भेरी नगरपालिका', 'Bheri Municipality', 'जाजरकोट', 'नगरपालिका', 543),
(2814, 'छेडागाड नगरपालिका', 'Chhedagad Municipality', 'जाजरकोट', 'नगरपालिका', 543),
(2815, 'त्रिवेणी नलगाड नगरपालिका', 'Nalagad Municipality', 'जाजरकोट', 'नगरपालिका', 543),
(2816, 'बारेकोट गाउँपालिका', 'Barekot Rural Municipality', 'जाजरकोट', 'गाउँपालिका', 543),
(2817, 'कुसे गाउँपालिका', 'Kuse Rural Municipality', 'जाजरकोट', 'गाउँपालिका', 543),
(2818, 'जुनीचाँदे गाउँपालिका', 'Junichande Rural Municipality', 'जाजरकोट', 'गाउँपालिका', 543),
(2819, 'शिवालय गाउँपालिका', 'Shiwalaya Rural Municipality', 'जाजरकोट', 'गाउँपालिका', 543),
(2820, 'ठुली भेरी नगरपालिका', 'Thuli Bheri Municipality', 'डोल्पा', 'नगरपालिका', 544),
(2821, 'त्रिपुरासुन्दरी नगरपालिका', 'Tripurasundari Municipality', 'डोल्पा', 'नगरपालिका', 544),
(2822, 'डोल्पो बुद्ध गाउँपालिका', 'Dolpo Buddha Rural Municipality', 'डोल्पा', 'गाउँपालिका', 544),
(2823, 'शे फोक्सुन्डो गाउँपालिका', 'Shey Phoksundo Rural Municipality', 'डोल्पा', 'गाउँपालिका', 544),
(2824, 'जगदुल्ला गाउँपालिका', 'Jagadulla Rural Municipality', 'डोल्पा', 'गाउँपालिका', 544),
(2825, 'मुड्केचुला गाउँपालिका', 'Mudkechula Rural Municipality', 'डोल्पा', 'गाउँपालिका', 544),
(2826, 'काईके गाउँपालिका', 'Kaike Rural Municipality', 'डोल्पा', 'गाउँपालिका', 544),
(2827, 'छार्का ताङसोङ गाउँपालिका', 'Chharka Tangsong Rural Municipality', 'डोल्पा', 'गाउँपालिका', 544),
(2828, 'चन्दननाथ नगरपालिका', 'Hima Rural Municipality', 'जुम्ला', 'नगरपालिका', 545),
(2829, 'कनकासुन्दरी गाउँपालिका', 'Kanakasundari Rural Municipality', 'जुम्ला', 'गाउँपालिका', 545),
(2830, 'सिंजा गाउँपालिका', 'Sinja Rural Municipality', 'जुम्ला', 'गाउँपालिका', 545),
(2831, 'हिमा गाउँपालिका', 'Guthichaur Rural Municipality', 'जुम्ला', 'गाउँपालिका', 545),
(2832, 'तिला गाउँपालिका', 'Tila Rural Municipality', 'जुम्ला', 'गाउँपालिका', 545),
(2833, 'गुठिचौर गाउँपालिका', 'Chandannath Municipality', 'जुम्ला', 'गाउँपालिका', 545),
(2834, 'तातोपानी गाउँपालिका', 'Tatopani Rural Municipality', 'जुम्ला', 'गाउँपालिका', 545),
(2835, 'पातारासी गाउँपालिका', 'Patrasi Rural Municipality', 'जुम्ला', 'गाउँपालिका', 545),
(2836, 'खाँडाचक्र नगरपालिका', 'Khandachakra Municipality', 'कालिकोट', 'नगरपालिका', 546),
(2837, 'रास्कोट नगरपालिका', 'Raskot Municipality', 'कालिकोट', 'नगरपालिका', 546),
(2838, 'तिलागुफा नगरपालिका', 'Tilagufa Municipality', 'कालिकोट', 'नगरपालिका', 546),
(2839, 'पचालझरना गाउँपालिका', 'Pachaljharana Rural Municipality', 'कालिकोट', 'गाउँपालिका', 546),
(2840, 'सान्नी त्रिवेणी गाउँपालिका', 'Sanni Tribeni Rural Municipality', 'कालिकोट', 'गाउँपालिका', 546),
(2841, 'नरहरिनाथ गाउँपालिका', 'Naraharinath Rural Municipality', 'कालिकोट', 'गाउँपालिका', 546),
(2842, 'कालिका गाउँपालिका', 'Subha Kalika Rural Municipality', 'कालिकोट', 'गाउँपालिका', 546),
(2843, 'महावै गाउँपालिका', 'Mahawai Rural Municipality', 'कालिकोट', 'गाउँपालिका', 546),
(2844, 'पलाता गाउँपालिका', 'Palata Rural Municipality', 'कालिकोट', 'गाउँपालिका', 546),
(2845, 'छायाँनाथ रारा नगरपालिका', 'Chhayanath Rara Municipality', 'मुगु', 'नगरपालिका', 547),
(2846, 'मुगुम कार्मारोंग गाउँपालिका', 'Mugum Karmarong Rural Municipality', 'मुगु', 'गाउँपालिका', 547),
(2847, 'सोरु गाउँपालिका', 'Soru Rural Municipality', 'मुगु', 'गाउँपालिका', 547),
(2848, 'खत्याड गाउँपालिका', 'Khatyad Rural Municipality', 'मुगु', 'गाउँपालिका', 547),
(2849, 'सिमकोट गाउँपालिका', 'Simkot Rural Municipality', 'हुम्ला', 'गाउँपालिका', 548),
(2850, 'नाम्खा गाउँपालिका', 'Namkha Rural Municipality', 'हुम्ला', 'गाउँपालिका', 548),
(2851, 'खार्पुनाथ गाउँपालिका', 'Kharpunath Rural Municipality', 'हुम्ला', 'गाउँपालिका', 548),
(2852, 'सर्केगाड गाउँपालिका', 'Sarkegad Rural Municipality', 'हुम्ला', 'गाउँपालिका', 548),
(2853, 'चंखेली गाउँपालिका', 'Chankheli Rural Municipality', 'हुम्ला', 'गाउँपालिका', 548),
(2854, 'अदानचुली गाउँपालिका', 'Adanchuli Rural Municipality', 'हुम्ला', 'गाउँपालिका', 548),
(2855, 'ताँजाकोट गाउँपालिका', 'Tanjakot Rural Municipality', 'हुम्ला', 'गाउँपालिका', 548),
(2856, 'बडीमालिका नगरपालिका', 'Badimalika Municipality', 'बाजुरा', 'नगरपालिका', 549),
(2857, 'त्रिवेणी नगरपालिका', 'Tribeni Municipality', 'बाजुरा', 'नगरपालिका', 549),
(2858, 'बुढीगंगा नगरपालिका', 'Jagannath Rural Municipality', 'बाजुरा', 'नगरपालिका', 549),
(2859, 'बुढीनन्दा नगरपालिका', 'Budhinanda Municipality', 'बाजुरा', 'नगरपालिका', 549),
(2860, 'गौमुल गाउँपालिका', 'Gaumul Rural Municipality', 'बाजुरा', 'गाउँपालिका', 549),
(2861, 'पाण्डव गुफा गाउँपालिका', 'Khaptad Chhededaha Rural Municipality', 'बाजुरा', 'गाउँपालिका', 549),
(2862, 'स्वामीकार्तिक गाउँपालिका', 'Swami Kartik Khaapar Rural Municipality', 'बाजुरा', 'गाउँपालिका', 549),
(2863, 'छेडेदह गाउँपालिका', 'Budhiganga Municipality', 'बाजुरा', 'गाउँपालिका', 549),
(2864, 'हिमाली गाउँपालिका', 'Himali Rural Municipality', 'बाजुरा', 'गाउँपालिका', 549),
(2865, 'जयपृथ्वी नगरपालिका', 'JayaPrithivi Municipality', 'बझाङ', 'नगरपालिका', 550),
(2866, 'बुंगल नगरपालिका', 'Bungal Municipality', 'बझाङ', 'नगरपालिका', 550),
(2867, 'तलकोट गाउँपालिका', 'Talkot Rural Municipality', 'बझाङ', 'गाउँपालिका', 550),
(2868, 'मष्टा गाउँपालिका', 'Masta Rural Municipality', 'बझाङ', 'गाउँपालिका', 550),
(2869, 'खप्तडछान्ना गाउँपालिका', 'Khaptadchhanna Rural Municipality', 'बझाङ', 'गाउँपालिका', 550),
(2870, 'थलारा गाउँपालिका', 'Thalara Rural Municipality', 'बझाङ', 'गाउँपालिका', 550),
(2871, 'वित्थडचिर गाउँपालिका', 'Bithadchir Rural Municipality', 'बझाङ', 'गाउँपालिका', 550),
(2872, 'सूर्मा गाउँपालिका', 'Surma Rural Municipality', 'बझाङ', 'गाउँपालिका', 550),
(2873, 'छबिसपाथिभेरा गाउँपालिका', 'Chabispathivera Rural Municipality', 'बझाङ', 'गाउँपालिका', 550),
(2874, 'दुर्गाथली गाउँपालिका', 'Durgathali Rural Municipality', 'बझाङ', 'गाउँपालिका', 550),
(2875, 'केदारस्युँ गाउँपालिका', 'Kedarseu Rural Municipality', 'बझाङ', 'गाउँपालिका', 550),
(2876, 'काँडा गाउँपालिका', 'SaiPaal Rural Municipality', 'बझाङ', 'गाउँपालिका', 550),
(2877, 'मंगलसेन नगरपालिका', 'Mangalsen Municipality', 'अछाम', 'नगरपालिका', 551),
(2878, 'कमलबजार नगरपालिका', 'Kamalbazar Municipality', 'अछाम', 'नगरपालिका', 551),
(2879, 'साँफेबगर नगरपालिका', 'Sanphebagar Municipality', 'अछाम', 'नगरपालिका', 551),
(2880, 'पन्चदेवल विनायक नगरपालिका', 'Panchadewal Binayak Municipality', 'अछाम', 'नगरपालिका', 551),
(2881, 'चौरपाटी गाउँपालिका', 'Chaurpati Rural Municipality', 'अछाम', 'गाउँपालिका', 551),
(2882, 'मेल्लेख गाउँपालिका', 'Mellekh Rural Municipality', 'अछाम', 'गाउँपालिका', 551),
(2883, 'बान्निगढी जयगढ गाउँपालिका', 'Bannigadhi Jayagadh Rural Municipality', 'अछाम', 'गाउँपालिका', 551),
(2884, 'रामारोशन गाउँपालिका', 'Ramaroshan Rural Municipality', 'अछाम', 'गाउँपालिका', 551),
(2885, 'ढकारी गाउँपालिका', 'Dhakari Rural Municipality', 'अछाम', 'गाउँपालिका', 551),
(2886, 'तुर्माखाँद गाउँपालिका', 'Turmakhad Rural Municipality', 'अछाम', 'गाउँपालिका', 551),
(2887, 'दिपायल सिलगढी नगरपालिका', 'Dipayal Silgadi Municipality', 'डोटी', 'नगरपालिका', 552),
(2888, 'शिखर नगरपालिका', 'Shikhar Municipality', 'डोटी', 'नगरपालिका', 552),
(2889, 'पूर्वीचौकी गाउँपालिका', 'Purbichauki Rural Municipality', 'डोटी', 'गाउँपालिका', 552),
(2890, 'बडीकेदार गाउँपालिका', 'Badikedar Rural Municipality', 'डोटी', 'गाउँपालिका', 552),
(2891, 'जोरायल गाउँपालिका', 'Jorayal Rural Municipality', 'डोटी', 'गाउँपालिका', 552),
(2892, 'सायल गाउँपालिका', 'Sayal Rural Municipality', 'डोटी', 'गाउँपालिका', 552),
(2893, 'आदर्श गाउँपालिका', 'Adharsha Rural Municipality', 'डोटी', 'गाउँपालिका', 552),
(2894, 'के.आई.सिं. गाउँपालिका', 'K I Singh Rural Municipality', 'डोटी', 'गाउँपालिका', 552),
(2895, 'बोगटान गाउँपालिका', 'Bogtan Foodsil Rural Municipality', 'डोटी', 'गाउँपालिका', 552),
(2896, 'धनगढी उपमहानगरपालिका', 'Dhangadhi Sub-Metropolitian City', 'कैलाली', 'उपमहानगरपालिका', 553),
(2897, 'टिकापुर नगरपालिका', 'Tikapur Municipality', 'कैलाली', 'नगरपालिका', 553),
(2898, 'घोडाघोडी नगरपालिका', 'Ghodaghodi Municipality', 'कैलाली', 'नगरपालिका', 553),
(2899, 'लम्कीचुहा नगरपालिका', 'Lamkichuha Municipality', 'कैलाली', 'नगरपालिका', 553),
(2900, 'भजनी नगरपालिका', 'Bhajani Municipality', 'कैलाली', 'नगरपालिका', 553),
(2901, 'गोदावरी नगरपालिका', 'Godawari Municipality', 'कैलाली', 'नगरपालिका', 553),
(2902, 'गौरीगंगा नगरपालिका', 'Gauriganga Municipality', 'कैलाली', 'नगरपालिका', 553),
(2903, 'जानकी गाउँपालिका', 'Janaki Rural Municipality', 'कैलाली', 'गाउँपालिका', 553),
(2904, 'बर्दगोरिया गाउँपालिका', 'Bardagoriya Rural Municipality', 'कैलाली', 'गाउँपालिका', 553),
(2905, 'मोहन्याल गाउँपालिका', 'Mohanyal Rural Municipality', 'कैलाली', 'गाउँपालिका', 553),
(2906, 'कैलारी गाउँपालिका', 'Kailari Rural Municipality', 'कैलाली', 'गाउँपालिका', 553),
(2907, 'जोशीपुर गाउँपालिका', 'Joshipur Rural Municipality', 'कैलाली', 'गाउँपालिका', 553),
(2908, 'चुरे गाउँपालिका', 'Chure Rural Municipality', 'कैलाली', 'गाउँपालिका', 553),
(2909, 'भीमदत्त नगरपालिका', 'Bhimdatta Municipality', 'कञ्चनपुर', 'नगरपालिका', 554),
(2910, 'पुर्नवास नगरपालिका', 'Punarbas Municipality', 'कञ्चनपुर', 'नगरपालिका', 554),
(2911, 'वेदकोट नगरपालिका', 'Bedkot Municipality', 'कञ्चनपुर', 'नगरपालिका', 554),
(2912, 'महाकाली नगरपालिका', 'Mahakali Municipality', 'कञ्चनपुर', 'नगरपालिका', 554),
(2913, 'शुक्लाफाँटा नगरपालिका', 'Shuklaphanta Municipality', 'कञ्चनपुर', 'नगरपालिका', 554),
(2914, 'बेलौरी नगरपालिका', 'Belauri Municipality', 'कञ्चनपुर', 'नगरपालिका', 554),
(2915, 'कृष्णपुर नगरपालिका', 'Krishnapur Municipality', 'कञ्चनपुर', 'नगरपालिका', 554),
(2916, 'बेलडाडी गाउँपालिका', 'Beldandi Rural Municipality', 'कञ्चनपुर', 'गाउँपालिका', 554),
(2917, 'लालझाडी गाउँपालिका', 'Laljhadi Rural Municipality', 'कञ्चनपुर', 'गाउँपालिका', 554),
(2918, 'अमरगढी नगरपालिका', 'Amargadhi Municipality', 'डडेलधुरा', 'नगरपालिका', 555),
(2919, 'परशुराम नगरपालिका', 'Parashuram Municipality', 'डडेलधुरा', 'नगरपालिका', 555),
(2920, 'आलिताल गाउँपालिका', 'Alital Rural Municipality', 'डडेलधुरा', 'गाउँपालिका', 555),
(2921, 'भागेश्वर गाउँपालिका', 'Bhageshwar Rural Municipality', 'डडेलधुरा', 'गाउँपालिका', 555),
(2922, 'नवदुर्गा गाउँपालिका', 'Nawadurga Rural Municipality', 'डडेलधुरा', 'गाउँपालिका', 555),
(2923, 'अजयमेरु गाउँपालिका', 'Ajaymeru Rural Municipality', 'डडेलधुरा', 'गाउँपालिका', 555),
(2924, 'गन्यापधुरा गाउँपालिका', 'Ganayapdhura Rural Municipality', 'डडेलधुरा', 'गाउँपालिका', 555),
(2925, 'दशरथचन्द नगरपालिका', 'Dasharathchanda Municipality', 'बैतडी', 'नगरपालिका', 556),
(2926, 'पाटन नगरपालिका', 'Patan Municipality', 'बैतडी', 'नगरपालिका', 556),
(2927, 'मेलौली नगरपालिका', 'Melauli Municipality', 'बैतडी', 'नगरपालिका', 556),
(2928, 'पुर्चौडी नगरपालिका', 'Purchaudi Municipality', 'बैतडी', 'नगरपालिका', 556),
(2929, 'सुर्नया गाउँपालिका', 'Surnaya Rural Municipality', 'बैतडी', 'गाउँपालिका', 556),
(2930, 'सिगास गाउँपालिका', 'Sigas Rural Municipality', 'बैतडी', 'गाउँपालिका', 556),
(2931, 'शिवनाथ गाउँपालिका', 'Shivanath Rural Municipality', 'बैतडी', 'गाउँपालिका', 556),
(2932, 'पञ्चेश्वर गाउँपालिका', 'Pancheshwar Rural Municipality', 'बैतडी', 'गाउँपालिका', 556),
(2933, 'दोगडाकेदार गाउँपालिका', 'Dogadakedar Rural Municipality', 'बैतडी', 'गाउँपालिका', 556),
(2934, 'डीलासैनी गाउँपालिका', 'Dilasaini Rural Municipality', 'बैतडी', 'गाउँपालिका', 556),
(2935, 'महाकाली नगरपालिका', 'Lekam Rural Municipality', 'दार्चुला', 'नगरपालिका', 557),
(2936, 'शैल्यशिखर नगरपालिका', 'Shailyashikhar Municipality', 'दार्चुला', 'नगरपालिका', 557),
(2937, 'मालिकार्जुन गाउँपालिका', 'Malikaarjun Rural Municipality', 'दार्चुला', 'गाउँपालिका', 557),
(2938, 'अपिहिमाल गाउँपालिका', 'Apihimal Rural Municipality', 'दार्चुला', 'गाउँपालिका', 557),
(2939, 'दुहुँ गाउँपालिका', 'Dunhu Rural Municipality', 'दार्चुला', 'गाउँपालिका', 557),
(2940, 'नौगाड गाउँपालिका', 'Naugad Rural Municipality', 'दार्चुला', 'गाउँपालिका', 557),
(2941, 'मार्मा गाउँपालिका', 'Marma Rural Municipality', 'दार्चुला', 'गाउँपालिका', 557),
(2942, 'लेकम गाउँपालिका', 'Mahakali Municipality', 'दार्चुला', 'गाउँपालिका', 557),
(2943, 'ब्याँस गाउँपालिका', 'Byas Rural Municipality', 'दार्चुला', 'गाउँपालिका', 557);

-- --------------------------------------------------------

--
-- Table structure for table `userlog`
--

CREATE TABLE IF NOT EXISTS `userlog` (
  `logid` int(11) NOT NULL,
  `userid` int(11) NOT NULL,
  `log_time` varchar(255) NOT NULL,
  `action` enum('login','logout') NOT NULL
) ENGINE=InnoDB AUTO_INCREMENT=53 DEFAULT CHARSET=latin1 COLLATE=latin1_swedish_ci;

--
-- Dumping data for table `userlog`
--

INSERT INTO `userlog` (`logid`, `userid`, `log_time`, `action`) VALUES
(1, 1, '2024-05-27 14:39:48', 'logout'),
(2, 4, '2024-05-30 10:05:51', 'login'),
(3, 4, '2024-05-30 10:52:31', 'login'),
(4, 4, '2024-05-30 10:57:59', 'login'),
(5, 4, '2024-05-30 10:59:02', 'logout'),
(6, 4, '2024-05-30 11:24:20', 'logout'),
(7, 4, '2024-05-30 11:30:34', 'login'),
(8, 4, '2024-05-30 11:33:13', 'logout'),
(9, 4, '2024-05-30 12:03:15', 'login'),
(10, 4, '2024-05-31 17:02:54', 'login'),
(11, 4, '2024-05-31 17:04:09', 'logout'),
(12, 4, '2024-06-13 06:48:35', 'login'),
(13, 4, '2024-06-14 07:00:49', 'login'),
(14, 4, '2024-06-16 13:43:07', 'login'),
(15, 4, '2024-06-16 13:43:24', 'logout'),
(16, 4, '2024-06-26 15:47:32', 'login'),
(17, 4, '2024-06-28 09:43:32', 'login'),
(18, 4, '2024-06-28 11:46:46', 'login'),
(19, 4, '2024-06-28 11:47:07', 'logout'),
(20, 4, '2024-06-28 16:11:20', 'login'),
(21, 4, '2024-06-28 16:12:38', 'login'),
(22, 4, '2024-06-28 16:21:20', 'logout'),
(23, 5, '2024-06-28 16:21:26', 'login'),
(24, 4, '2024-06-29 08:02:08', 'login'),
(25, 4, '2024-06-29 08:04:36', 'login'),
(26, 4, '2024-06-29 08:06:10', 'login'),
(27, 4, '2024-06-29 08:06:17', 'login'),
(28, 4, '2024-06-29 08:06:17', 'login'),
(29, 4, '2024-06-29 08:07:23', 'login'),
(30, 4, '2024-06-29 08:08:14', 'login'),
(31, 4, '2024-06-29 08:08:17', 'login'),
(32, 4, '2024-06-29 08:08:37', 'login'),
(33, 4, '2024-06-29 08:10:33', 'login'),
(34, 4, '2024-06-29 08:10:50', 'login'),
(35, 4, '2024-06-29 08:11:31', 'login'),
(36, 4, '2024-06-29 08:25:47', 'logout'),
(37, 4, '2024-06-29 08:26:21', 'logout'),
(38, 4, '2024-06-29 08:29:09', 'logout'),
(39, 4, '2024-06-29 08:29:57', 'login'),
(40, 4, '2024-06-29 08:30:05', 'logout'),
(41, 4, '2024-06-30 10:43:36', 'login'),
(42, 4, '2024-06-30 16:53:37', 'login'),
(43, 4, '2024-06-30 16:55:31', 'logout'),
(44, 4, '2024-07-02 11:41:21', 'login'),
(45, 4, '2024-07-02 11:51:13', 'logout'),
(46, 4, '2024-07-03 11:04:24', 'login'),
(47, 4, '2024-07-03 11:04:49', 'login'),
(48, 4, '2024-08-06 16:37:39', 'login'),
(49, 4, '2024-08-06 16:38:03', 'logout'),
(50, 4, '2024-08-27 15:10:16', 'login'),
(51, 4, '2024-08-27 15:17:25', 'logout'),
(52, 4, '2024-08-28 13:47:14', 'login');

-- --------------------------------------------------------

--
-- Table structure for table `users`
--

CREATE TABLE IF NOT EXISTS `users` (
  `ID` int(11) NOT NULL,
  `UserType` varchar(255) CHARACTER SET utf8mb3 COLLATE utf8mb3_general_ci DEFAULT NULL,
  `TPID` varchar(100) NOT NULL,
  `RegID` int(11) NOT NULL,
  `RefID` int(11) NOT NULL,
  `UserGroup` int(11) NOT NULL,
  `FullName` varchar(255) CHARACTER SET utf8mb3 COLLATE utf8mb3_general_ci NOT NULL,
  `UserName` varchar(100) NOT NULL,
  `Password` varchar(100) NOT NULL,
  `Email` varchar(255) NOT NULL,
  `Status` enum('Active','Inactive') NOT NULL DEFAULT 'Active',
  `company_name` varchar(255) CHARACTER SET utf8mb3 COLLATE utf8mb3_general_ci DEFAULT NULL,
  `pan_no` int(11) DEFAULT NULL,
  `contact_no` varchar(255) CHARACTER SET utf8mb3 COLLATE utf8mb3_general_ci DEFAULT NULL,
  `state` varchar(255) CHARACTER SET utf8mb3 COLLATE utf8mb3_general_ci DEFAULT NULL,
  `district` varchar(255) CHARACTER SET utf8mb3 COLLATE utf8mb3_general_ci DEFAULT NULL,
  `address` varchar(255) CHARACTER SET utf8mb3 COLLATE utf8mb3_general_ci DEFAULT NULL,
  `gapa_napa` varchar(255) CHARACTER SET utf8mb3 COLLATE utf8mb3_general_ci DEFAULT NULL,
  `slogan` text DEFAULT NULL,
  `pan_certificate` varchar(255) DEFAULT NULL,
  `designation` varchar(255) CHARACTER SET utf8mb3 COLLATE utf8mb3_general_ci DEFAULT NULL,
  `branch` varchar(255) CHARACTER SET utf8mb3 COLLATE utf8mb3_general_ci DEFAULT NULL,
  `shakha` varchar(255) DEFAULT NULL,
  `company_id` int(11) DEFAULT NULL,
  `created_at` varchar(25) NOT NULL,
  `created_by` int(11) DEFAULT NULL,
  `created_ip` varchar(255) DEFAULT NULL,
  `modified_by` int(11) DEFAULT NULL,
  `modified_at` varchar(25) DEFAULT NULL,
  `modified_ip` varchar(255) DEFAULT NULL
) ENGINE=InnoDB AUTO_INCREMENT=7 DEFAULT CHARSET=latin1 COLLATE=latin1_swedish_ci;

--
-- Dumping data for table `users`
--

INSERT INTO `users` (`ID`, `UserType`, `TPID`, `RegID`, `RefID`, `UserGroup`, `FullName`, `UserName`, `Password`, `Email`, `Status`, `company_name`, `pan_no`, `contact_no`, `state`, `district`, `address`, `gapa_napa`, `slogan`, `pan_certificate`, `designation`, `branch`, `shakha`, `company_id`, `created_at`, `created_by`, `created_ip`, `modified_by`, `modified_at`, `modified_ip`) VALUES
(1, 'superadmin', 'superadmin', 121015, 120145, 1, 'Business Management Services', 'superadmin', '4fe3bd7aa90cacafde8e944d84add9a8', 'bmsnepal@gmail.com', 'Active', NULL, NULL, NULL, NULL, NULL, NULL, NULL, NULL, NULL, NULL, NULL, NULL, NULL, '', NULL, NULL, NULL, NULL, NULL),
(4, '2', '', 0, 0, 2, 'galchhi', 'galchhi', 'ac2920669e37acfdcadee51f01273217', 'email@email.com', 'Active', NULL, NULL, '98000000', '3', '514', NULL, '2557', NULL, NULL, NULL, NULL, NULL, NULL, '2024-05-27', 1, '27.34.64.205', NULL, NULL, NULL),
(5, '4', '', 0, 0, 4, 'निरमाया न्यौपाने', 'ward7', '2ef7f2ee7b107a8c533986dca9eb1606', 'neupanenirmaya97@gmail.com', 'Active', NULL, NULL, '९८६८०९६९४७', '3', '514', NULL, '2557', NULL, NULL, NULL, NULL, NULL, NULL, '2024-06-28', 4, '113.199.231.115', NULL, NULL, NULL),
(6, '3', '', 0, 0, 3, 'Kamala Paudel', 'kamalap', 'c0764ffee50ba5b2e5588b01282c7470', 'wcd.galchhimun@gmail.com', 'Active', NULL, NULL, '9849421672', '3', '514', NULL, '2557', NULL, NULL, NULL, NULL, NULL, NULL, '2024-08-27', 4, '182.93.75.102', NULL, NULL, NULL);

-- --------------------------------------------------------

--
-- Table structure for table `user_actions`
--

CREATE TABLE IF NOT EXISTS `user_actions` (
  `user_action_id` int(11) NOT NULL,
  `user_action_name` varchar(15) NOT NULL,
  `user_action_code` varchar(15) NOT NULL,
  `addded_by` int(11) DEFAULT NULL,
  `added_date` datetime DEFAULT NULL,
  `modified_by` int(11) DEFAULT NULL,
  `modified_date` datetime DEFAULT NULL
) ENGINE=InnoDB AUTO_INCREMENT=6 DEFAULT CHARSET=latin1 COLLATE=latin1_swedish_ci;

--
-- Dumping data for table `user_actions`
--

INSERT INTO `user_actions` (`user_action_id`, `user_action_name`, `user_action_code`, `addded_by`, `added_date`, `modified_by`, `modified_date`) VALUES
(1, 'ADD', 'ADD', 1, '2014-02-20 00:00:00', NULL, NULL),
(2, 'MODIFY', 'EDIT', 1, '2014-02-20 00:00:00', NULL, NULL),
(3, 'DELETE', 'DELETE', 1, '2014-02-20 00:00:00', NULL, NULL),
(4, 'VIEW', 'VIEW', 1, '2014-02-20 00:00:00', NULL, NULL),
(5, 'APPROVE', 'APPROVE', 1, '2017-09-08 00:00:00', NULL, NULL);

-- --------------------------------------------------------

--
-- Table structure for table `wardwise_address`
--

CREATE TABLE IF NOT EXISTS `wardwise_address` (
  `id` int(11) NOT NULL,
  `ward` int(11) NOT NULL,
  `address` text CHARACTER SET utf8mb3 COLLATE utf8mb3_general_ci NOT NULL
) ENGINE=InnoDB AUTO_INCREMENT=9 DEFAULT CHARSET=latin1 COLLATE=latin1_swedish_ci;

--
-- Dumping data for table `wardwise_address`
--

INSERT INTO `wardwise_address` (`id`, `ward`, `address`) VALUES
(1, 1, 'डुम्रिचौर'),
(2, 2, 'कल्लेरी'),
(3, 3, 'आमडाडा'),
(4, 4, 'मासटार'),
(5, 5, 'बिर्ताडाडा'),
(6, 6, 'बैरेनी'),
(7, 7, 'भल्टार'),
(8, 8, 'गोगनपानी');

--
-- Indexes for dumped tables
--

--
-- Indexes for table `admin_menu`
--
ALTER TABLE `admin_menu`
  ADD PRIMARY KEY (`menuid`);

--
-- Indexes for table `blood_group`
--
ALTER TABLE `blood_group`
  ADD PRIMARY KEY (`id`);

--
-- Indexes for table `bms_setting`
--
ALTER TABLE `bms_setting`
  ADD PRIMARY KEY (`id`);

--
-- Indexes for table `disable_level`
--
ALTER TABLE `disable_level`
  ADD PRIMARY KEY (`id`);

--
-- Indexes for table `disable_person`
--
ALTER TABLE `disable_person`
  ADD PRIMARY KEY (`id`);

--
-- Indexes for table `disable_type`
--
ALTER TABLE `disable_type`
  ADD PRIMARY KEY (`id`);

--
-- Indexes for table `fiscal_year`
--
ALTER TABLE `fiscal_year`
  ADD PRIMARY KEY (`id`);

--
-- Indexes for table `group`
--
ALTER TABLE `group`
  ADD PRIMARY KEY (`groupid`);

--
-- Indexes for table `office_staffs`
--
ALTER TABLE `office_staffs`
  ADD PRIMARY KEY (`id`);

--
-- Indexes for table `permissions_per_group`
--
ALTER TABLE `permissions_per_group`
  ADD PRIMARY KEY (`permission_per_group_id`);

--
-- Indexes for table `permissions_per_user`
--
ALTER TABLE `permissions_per_user`
  ADD PRIMARY KEY (`permission_per_user_id`);

--
-- Indexes for table `provinces`
--
ALTER TABLE `provinces`
  ADD PRIMARY KEY (`ID`);

--
-- Indexes for table `senior_citizen`
--
ALTER TABLE `senior_citizen`
  ADD PRIMARY KEY (`id`);

--
-- Indexes for table `settings_district`
--
ALTER TABLE `settings_district`
  ADD PRIMARY KEY (`id`);

--
-- Indexes for table `settings_vdc_municipality`
--
ALTER TABLE `settings_vdc_municipality`
  ADD PRIMARY KEY (`id`);

--
-- Indexes for table `userlog`
--
ALTER TABLE `userlog`
  ADD PRIMARY KEY (`logid`);

--
-- Indexes for table `users`
--
ALTER TABLE `users`
  ADD PRIMARY KEY (`ID`);

--
-- Indexes for table `user_actions`
--
ALTER TABLE `user_actions`
  ADD PRIMARY KEY (`user_action_id`);

--
-- Indexes for table `wardwise_address`
--
ALTER TABLE `wardwise_address`
  ADD PRIMARY KEY (`id`);

--
-- AUTO_INCREMENT for dumped tables
--

--
-- AUTO_INCREMENT for table `admin_menu`
--
ALTER TABLE `admin_menu`
  MODIFY `menuid` int(11) NOT NULL AUTO_INCREMENT,AUTO_INCREMENT=27;
--
-- AUTO_INCREMENT for table `blood_group`
--
ALTER TABLE `blood_group`
  MODIFY `id` int(11) NOT NULL AUTO_INCREMENT,AUTO_INCREMENT=9;
--
-- AUTO_INCREMENT for table `bms_setting`
--
ALTER TABLE `bms_setting`
  MODIFY `id` int(11) NOT NULL AUTO_INCREMENT,AUTO_INCREMENT=2;
--
-- AUTO_INCREMENT for table `disable_level`
--
ALTER TABLE `disable_level`
  MODIFY `id` int(11) NOT NULL AUTO_INCREMENT,AUTO_INCREMENT=5;
--
-- AUTO_INCREMENT for table `disable_person`
--
ALTER TABLE `disable_person`
  MODIFY `id` int(11) NOT NULL AUTO_INCREMENT,AUTO_INCREMENT=9;
--
-- AUTO_INCREMENT for table `disable_type`
--
ALTER TABLE `disable_type`
  MODIFY `id` int(11) NOT NULL AUTO_INCREMENT,AUTO_INCREMENT=9;
--
-- AUTO_INCREMENT for table `fiscal_year`
--
ALTER TABLE `fiscal_year`
  MODIFY `id` int(11) NOT NULL AUTO_INCREMENT,AUTO_INCREMENT=7;
--
-- AUTO_INCREMENT for table `group`
--
ALTER TABLE `group`
  MODIFY `groupid` int(11) NOT NULL AUTO_INCREMENT,AUTO_INCREMENT=5;
--
-- AUTO_INCREMENT for table `office_staffs`
--
ALTER TABLE `office_staffs`
  MODIFY `id` int(11) NOT NULL AUTO_INCREMENT,AUTO_INCREMENT=2;
--
-- AUTO_INCREMENT for table `permissions_per_group`
--
ALTER TABLE `permissions_per_group`
  MODIFY `permission_per_group_id` int(11) NOT NULL AUTO_INCREMENT,AUTO_INCREMENT=1152;
--
-- AUTO_INCREMENT for table `permissions_per_user`
--
ALTER TABLE `permissions_per_user`
  MODIFY `permission_per_user_id` int(11) NOT NULL AUTO_INCREMENT,AUTO_INCREMENT=457;
--
-- AUTO_INCREMENT for table `provinces`
--
ALTER TABLE `provinces`
  MODIFY `ID` int(11) NOT NULL AUTO_INCREMENT,AUTO_INCREMENT=8;
--
-- AUTO_INCREMENT for table `senior_citizen`
--
ALTER TABLE `senior_citizen`
  MODIFY `id` int(11) NOT NULL AUTO_INCREMENT,AUTO_INCREMENT=16;
--
-- AUTO_INCREMENT for table `settings_district`
--
ALTER TABLE `settings_district`
  MODIFY `id` int(11) NOT NULL AUTO_INCREMENT,AUTO_INCREMENT=559;
--
-- AUTO_INCREMENT for table `settings_vdc_municipality`
--
ALTER TABLE `settings_vdc_municipality`
  MODIFY `id` int(11) NOT NULL AUTO_INCREMENT,AUTO_INCREMENT=2944;
--
-- AUTO_INCREMENT for table `userlog`
--
ALTER TABLE `userlog`
  MODIFY `logid` int(11) NOT NULL AUTO_INCREMENT,AUTO_INCREMENT=53;
--
-- AUTO_INCREMENT for table `users`
--
ALTER TABLE `users`
  MODIFY `ID` int(11) NOT NULL AUTO_INCREMENT,AUTO_INCREMENT=7;
--
-- AUTO_INCREMENT for table `user_actions`
--
ALTER TABLE `user_actions`
  MODIFY `user_action_id` int(11) NOT NULL AUTO_INCREMENT,AUTO_INCREMENT=6;
--
-- AUTO_INCREMENT for table `wardwise_address`
--
ALTER TABLE `wardwise_address`
  MODIFY `id` int(11) NOT NULL AUTO_INCREMENT,AUTO_INCREMENT=9;
/*!40101 SET CHARACTER_SET_CLIENT=@OLD_CHARACTER_SET_CLIENT */;
/*!40101 SET CHARACTER_SET_RESULTS=@OLD_CHARACTER_SET_RESULTS */;
/*!40101 SET COLLATION_CONNECTION=@OLD_COLLATION_CONNECTION */;
